<?xml version="1.1" encoding="UTF-8"?>

<project i18n.job.generated.documetation="Generated documentation" i18n.job.project.name="Project Name" i18n.job.generated.date="GENERATION DATE" i18n.job.author="AUTHOR" i18n.job.summary="Summary" i18n.job.project.description="Project Description" i18n.job.job.description="Description" i18n.job.job.preview.picture="Preview Picture" i18n.job.job.setting="Settings" i18n.job.context.list="Context List" i18n.job.component.list="Component List" i18n.job.components.description="Components Description" i18n.job.source.code="Source Code" i18n.job.properties="Properties" i18n.job.values="Values" i18n.job.name="Name" i18n.job.language="Language" i18n.job.description="Description" i18n.job.author.min="Author" i18n.job.version="Version" i18n.job.purpose="Purpose" i18n.job.status="Status" i18n.job.creation="Creation" i18n.job.modification="Modification" i18n.job.extract.settings="Extra settings" i18n.job.value="Value" i18n.job.stats.logs="Status &amp; Logs" i18n.job.context="Context" i18n.job.promt="Prompt" i18n.job.need.promt="Need Prompt?" i18n.job.type="Type" i18n.job.source="Source" i18n.job.component.name="Component Name" i18n.job.component.type="Component Type" i18n.job.component="Component" i18n.job.unique.name="UNIQUE NAME" i18n.job.input="INPUT(S)" i18n.job.label="LABEL" i18n.job.output="OUTPUT(S)" i18n.job.component.parameters="Component Parameters:" i18n.job.schema.for="Schema for " i18n.job.column="Column" i18n.job.key="Key" i18n.job.length="Length" i18n.job.precision="Precision" i18n.job.nullable="Nullable" i18n.job.comment="Comment" i18n.job.original.function.parameters="Original Function Parameters:" i18n.job.ended="ended" i18n.job.content="content" i18n.route.manifest.type="Type" i18n.route.manifest.value="Value" i18n.route.resource.name="Name" i18n.route.resource.version="Version" i18n.route.resource.path="Path" name="Midterm_2" logo="pictures/logo.jpg" title="Generated by Talend Cloud Data Fabric" link="http://www.talend.com" language="java" generatedDate="Oct 22, 2023, 5:08:18 PM" versionName="Talend Cloud VERSION " version="8.0.1.20230913_0925-patch" docType="Jobs" company="">
  <pro-description><![CDATA[]]></pro-description>
  <job name="wf_loaddimbusiness" author="parange.a@northeastern.edu" i18n.job.extract.settings.type="i18n.job.extract.settings" i18n.job.stats.logs.type="i18n.job.stats.logs" version="0.1" purpose="to load business data into data mart" status="" creation="Oct 19, 2023, 4:21:59 PM" modification="Oct 22, 2023, 4:01:00 PM">
    <description><![CDATA[to load business data into data mart<br/>]]></description>
    <preview picture="pictures/wf_loaddimbusiness_0.1.png"/>
    <contextList>
      <context name="Default">
        <contextParameter name="Localhost_Sonoma_Login" prompt="Localhost_Sonoma_Login?" promptNeeded="false" type="id_String" value="root" source="Localhost_Sonoma"/>
        <contextParameter name="Localhost_Sonoma_Server" prompt="Localhost_Sonoma_Server?" promptNeeded="false" type="id_String" value="localhost" source="Localhost_Sonoma"/>
        <contextParameter name="Localhost_Sonoma_Port" prompt="Localhost_Sonoma_Port?" promptNeeded="false" type="id_String" value="3306" source="Localhost_Sonoma"/>
        <contextParameter name="Localhost_Sonoma_Password" prompt="Localhost_Sonoma_Password?" promptNeeded="false" type="id_Password" value="*********" source="Localhost_Sonoma"/>
        <contextParameter name="Localhost_Sonoma_AdditionalParams" prompt="Localhost_Sonoma_AdditionalParams?" promptNeeded="false" type="id_String" value="serverTimezone=UTC" source="Localhost_Sonoma"/>
        <contextParameter name="Localhost_Sonoma_Database" prompt="Localhost_Sonoma_Database?" promptNeeded="false" type="id_String" value="Sonoma" source="Localhost_Sonoma"/>
        <contextParameter name="SonomaAzureSQLServer2_Schema" prompt="SonomaAzureSQLServer2_Schema?" promptNeeded="false" type="id_String" value="" source="SonomaAzureSQLServer2"/>
        <contextParameter name="SonomaAzureSQLServer2_Login" prompt="SonomaAzureSQLServer2_Login?" promptNeeded="false" type="id_String" value="Asawari" source="SonomaAzureSQLServer2"/>
        <contextParameter name="SonomaAzureSQLServer2_AdditionalParams" prompt="SonomaAzureSQLServer2_AdditionalParams?" promptNeeded="false" type="id_String" value="" source="SonomaAzureSQLServer2"/>
        <contextParameter name="SonomaAzureSQLServer2_Server" prompt="SonomaAzureSQLServer2_Server?" promptNeeded="false" type="id_String" value="dadabiserver95.database.windows.net" source="SonomaAzureSQLServer2"/>
        <contextParameter name="SonomaAzureSQLServer2_Password" prompt="SonomaAzureSQLServer2_Password?" promptNeeded="false" type="id_Password" value="**********" source="SonomaAzureSQLServer2"/>
        <contextParameter name="SonomaAzureSQLServer2_Database" prompt="SonomaAzureSQLServer2_Database?" promptNeeded="false" type="id_String" value="SonomaAzure" source="SonomaAzureSQLServer2"/>
        <contextParameter name="SonomaAzureSQLServer2_Port" prompt="SonomaAzureSQLServer2_Port?" promptNeeded="false" type="id_String" value="1433" source="SonomaAzureSQLServer2"/>
      </context>
    </contextList>
    <jobSetting>
      <extra>
        <jobParameter name="COMP_DEFAULT_FILE_DIR" value=""/>
        <jobParameter name="Multi thread execution" value="false"/>
        <jobParameter name="Implicit tContextLoad" value="false"/>
      </extra>
      <Statslogs>
        <jobParameter name="Use statistics (tStatCatcher)" value="false"/>
        <jobParameter name="Use logs (tLogCatcher)" value="false"/>
        <jobParameter name="Use volumetrics (tFlowMeterCatcher)" value="false"/>
        <jobParameter name="On Console" value="false"/>
        <jobParameter name="On Files" value="false"/>
        <jobParameter name="On Databases" value="false"/>
        <jobParameter name="Catch components statistics" value="false"/>
        <jobParameter name="Catch runtime errors" value="true"/>
        <jobParameter name="Catch user errors" value="true"/>
        <jobParameter name="Catch user warnings" value="true"/>
      </Statslogs>
    </jobSetting>
    <componentList>
      <componentItem name="tDBInput_1" link="tDBInput_1" type="tMSSqlInput" leftTopX="224" leftTopY="256" rightBottomX="256" rightBottomY="288"/>
      <componentItem name="tDBInput_2" link="tDBInput_2" type="tMysqlInput" leftTopX="192" leftTopY="128" rightBottomX="224" rightBottomY="160"/>
      <componentItem name="tDBOutput_1" link="tDBOutput_1" type="tMSSqlOutput" leftTopX="704" leftTopY="256" rightBottomX="736" rightBottomY="288"/>
      <componentItem name="tDBOutput_2" link="tDBOutput_2" type="tMysqlOutput" leftTopX="704" leftTopY="128" rightBottomX="736" rightBottomY="160"/>
      <componentItem name="tMap_1" link="tMap_1" type="tMap" leftTopX="448" leftTopY="256" rightBottomX="480" rightBottomY="288"/>
      <componentItem name="tMap_3" link="tMap_3" type="tMap" leftTopX="448" leftTopY="128" rightBottomX="480" rightBottomY="160"/>
    </componentList>
    <internalNodeComponents>
      <component icon="pictures/tDBInput_1.png" uniqueName="tDBInput_1" label="src_stg_azure_food_inspections">
        <input>none</input>
        <output link="tMap_1">tMap_1</output>
        <componentType>tMSSqlInput</componentType>
        <parameters>
          <column name="Database" value="tMSSqlInput"/>
          <column name="Unique Name" value="tDBInput_1"/>
          <column name="Component Name" value="tMSSqlInput"/>
          <column name="Version" value="0.102 (ALPHA)"/>
          <column name="Family" value="Databases/DB Specifics/MS_SQL_Server"/>
          <column name="Start" value="true"/>
          <column name="Startable" value="true"/>
          <column name="SUBTREE_START" value="true"/>
          <column name="END_OF_FLOW" value="false"/>
          <column name="Activate" value="true"/>
          <column name="DUMMY" value="false"/>
          <column name="tStatCatcher Statistics" value="false"/>
          <column name="Help" value="org.talend.help.tMSSqlInput"/>
          <column name="Update components" value="true"/>
          <column name="IREPORT_PATH" value=""/>
          <column name="JAVA_LIBRARY_PATH" value="/Applications/TalendStudio-8.0.1/studio/configuration/lib/java"/>
          <column name="Subjob color" value=""/>
          <column name="Title color" value=""/>
          <column name="Enable parallel execution" value="false"/>
          <column name="Number of parallel executions" value="2"/>
          <column name="PARALLELIZE_KEEP_EMPTY" value="false"/>
          <column name="Use an existing connection" value="false"/>
          <column name="Component List" value=""/>
          <column name="Property Type" value="repository: DB (MSSQL):SonomaAzureSQLServer"/>
          <column name="Host" value="context.SonomaAzureSQLServer2_Server"/>
          <column name="JDBC Provider" value="MSSQL_PROP"/>
          <column name="Database Driver" value="MSSQL"/>
          <column name="Port" value="context.SonomaAzureSQLServer2_Port"/>
          <column name="Schema" value="context.SonomaAzureSQLServer2_Schema"/>
          <column name="Database" value="context.SonomaAzureSQLServer2_Database"/>
          <column name="Username" value="context.SonomaAzureSQLServer2_Login"/>
          <column name="Password" value="context.SonomaAzureSQLServer2_Password"/>
          <column name="REPOSITORY_ALLOW_AUTO_SWITCH" value="true"/>
          <column name="Schema" value="Built-In"/>
          <column name="Table Name" value="&quot;stg_azure_food_inspections&quot;"/>
          <column name="Query Type" value="Built-In"/>
          <column name="Guess Schema" value="&quot;&quot;"/>
          <column name="Query" value="&quot;SELECT DISTINCT
  stg_azure_food_inspections.BusinessId, 
  stg_azure_food_inspections.Name, 
  stg_azure_food_inspections.Address, 
  stg_azure_food_inspections.City, 
  stg_azure_food_inspections.State, 
  stg_azure_food_inspections.ZipCode, 
  stg_azure_food_inspections.PhoneNumber, 
  stg_azure_food_inspections.Latitude, 
  stg_azure_food_inspections.Longitude,
  stg_azure_food_inspections.DI_WorkflowFileName
FROM stg_azure_food_inspections;
&quot;"/>
          <column name="Specify a data source alias" value="false"/>
          <column name="Data source alias" value="&quot;&quot;"/>
          <column name="Mapping" value="id_MSSQL"/>
          <column name="Additional JDBC Parameters" value="context.SonomaAzureSQLServer2_AdditionalParams"/>
          <column name="Authenticate using Azure Active Directory" value="false"/>
          <column name="Encoding" value="&quot;ISO-8859-15&quot;"/>
          <column name="Trim all the String/Char columns" value="false"/>
          <column name="Trim column" value="[{SCHEMA_COLUMN=BusinessId, TRIM=false}, {SCHEMA_COLUMN=Name, TRIM=false}, {SCHEMA_COLUMN=Address, TRIM=false}, {SCHEMA_COLUMN=City, TRIM=false}, {SCHEMA_COLUMN=State, TRIM=false}, {SCHEMA_COLUMN=ZipCode, TRIM=false}, {SCHEMA_COLUMN=PhoneNumber, TRIM=false}, {SCHEMA_COLUMN=Latitude, TRIM=false}, {SCHEMA_COLUMN=Longitude, TRIM=false}, {SCHEMA_COLUMN=DI_WorkflowFileName, TRIM=false}]"/>
          <column name="Set Query Timeout" value="false"/>
          <column name="Timeout (seconds)" value="30"/>
          <column name="Label format" value="src_stg_azure_food_inspections"/>
          <column name="Hint format" value="&lt;b&gt;__UNIQUE_NAME__&lt;/b&gt;&lt;br&gt;__COMMENT__"/>
          <column name="Connection format" value="row"/>
          <column name="Show Information" value="false"/>
          <column name="Comment" value=""/>
          <column name="Use an existing validation rule" value="false"/>
          <column name="Validation Rule Type" value=""/>
        </parameters>
        <schemas>
          <schema name="tDBInput_1">
            <column name="BusinessId" key="false" type="String" length="9" precision="" nullable="true" comment=""/>
            <column name="Name" key="false" type="String" length="70" precision="" nullable="true" comment=""/>
            <column name="Address" key="false" type="String" length="32" precision="" nullable="true" comment=""/>
            <column name="City" key="false" type="String" length="17" precision="" nullable="true" comment=""/>
            <column name="State" key="false" type="String" length="2" precision="" nullable="true" comment=""/>
            <column name="ZipCode" key="false" type="String" length="10" precision="" nullable="true" comment=""/>
            <column name="PhoneNumber" key="false" type="String" length="12" precision="" nullable="true" comment=""/>
            <column name="Latitude" key="false" type="Double" length="15" precision="" nullable="true" comment=""/>
            <column name="Longitude" key="false" type="Double" length="15" precision="" nullable="true" comment=""/>
            <column name="DI_WorkflowFileName" key="false" type="String" length="1000" precision="" nullable="true" comment=""/>
          </schema>
        </schemas>
      </component>
      <component icon="pictures/tDBInput_2.png" uniqueName="tDBInput_2" label="src_stg_food_inspections">
        <input>none</input>
        <output link="tMap_3">tMap_3</output>
        <componentType>tMysqlInput</componentType>
        <parameters>
          <column name="Database" value="tMysqlInput"/>
          <column name="Unique Name" value="tDBInput_2"/>
          <column name="Component Name" value="tMysqlInput"/>
          <column name="Version" value="0.102 (ALPHA)"/>
          <column name="Family" value="Databases/DB Specifics/MySQL"/>
          <column name="Start" value="true"/>
          <column name="Startable" value="true"/>
          <column name="SUBTREE_START" value="true"/>
          <column name="END_OF_FLOW" value="false"/>
          <column name="Activate" value="true"/>
          <column name="DUMMY" value="false"/>
          <column name="tStatCatcher Statistics" value="false"/>
          <column name="Help" value="org.talend.help.tMysqlInput"/>
          <column name="Update components" value="true"/>
          <column name="IREPORT_PATH" value=""/>
          <column name="JAVA_LIBRARY_PATH" value="/Applications/TalendStudio-8.0.1/studio/configuration/lib/java"/>
          <column name="Subjob color" value=""/>
          <column name="Title color" value=""/>
          <column name="Enable parallel execution" value="false"/>
          <column name="Number of parallel executions" value="2"/>
          <column name="PARALLELIZE_KEEP_EMPTY" value="false"/>
          <column name="Property Type" value="repository: DB (MYSQL):Localhost_Sonoma"/>
          <column name="DB Version" value="MYSQL_8"/>
          <column name="Use an existing connection" value="false"/>
          <column name="Component List" value=""/>
          <column name="Host" value="context.Localhost_Sonoma_Server"/>
          <column name="Port" value="context.Localhost_Sonoma_Port"/>
          <column name="Database" value="context.Localhost_Sonoma_Database"/>
          <column name="Database Driver" value="MYSQL"/>
          <column name="Username" value="context.Localhost_Sonoma_Login"/>
          <column name="Password" value="context.Localhost_Sonoma_Password"/>
          <column name="REPOSITORY_ALLOW_AUTO_SWITCH" value="true"/>
          <column name="Schema" value="Built-In"/>
          <column name="Table Name" value="&quot;&quot;"/>
          <column name="Query Type" value="Built-In"/>
          <column name="Guess Schema" value="&quot;&quot;"/>
          <column name="Query" value="&quot;SELECT distinct
  `stg_food_inspections`.`BusinessId`, 
  `stg_food_inspections`.`Name`, 
  `stg_food_inspections`.`Address`, 
  `stg_food_inspections`.`City`, 
  `stg_food_inspections`.`State`, 
  `stg_food_inspections`.`ZipCode`, 
  `stg_food_inspections`.`PhoneNumber`, 
  `stg_food_inspections`.`Latitude`, 
  `stg_food_inspections`.`Longitude`,
  `stg_food_inspections`.`DI_WorkflowFileName`
FROM `stg_food_inspections`&quot;"/>
          <column name="Specify a data source alias" value="false"/>
          <column name="Data source alias" value="&quot;&quot;"/>
          <column name="Mapping" value="mysql_id"/>
          <column name="Additional JDBC Parameters" value="context.Localhost_Sonoma_AdditionalParams"/>
          <column name="Encoding" value="&quot;ISO-8859-15&quot;"/>
          <column name="Enable stream" value="false"/>
          <column name="Trim all the String/Char columns" value="false"/>
          <column name="Trim column" value="[{SCHEMA_COLUMN=BusinessId, TRIM=false}, {SCHEMA_COLUMN=Name, TRIM=false}, {SCHEMA_COLUMN=Address, TRIM=false}, {SCHEMA_COLUMN=City, TRIM=false}, {SCHEMA_COLUMN=State, TRIM=false}, {SCHEMA_COLUMN=ZipCode, TRIM=false}, {SCHEMA_COLUMN=PhoneNumber, TRIM=false}, {SCHEMA_COLUMN=Latitude, TRIM=false}, {SCHEMA_COLUMN=Longitude, TRIM=false}, {SCHEMA_COLUMN=DI_WorkflowFileName, TRIM=false}]"/>
          <column name="Label format" value="src_stg_food_inspections"/>
          <column name="Hint format" value="&lt;b&gt;__UNIQUE_NAME__&lt;/b&gt;&lt;br&gt;__COMMENT__"/>
          <column name="Connection format" value="row"/>
          <column name="Show Information" value="false"/>
          <column name="Comment" value=""/>
          <column name="Use an existing validation rule" value="false"/>
          <column name="Validation Rule Type" value=""/>
        </parameters>
        <schemas>
          <schema name="tDBInput_2">
            <column name="BusinessId" key="false" type="String" length="9" precision="" nullable="true" comment=""/>
            <column name="Name" key="false" type="String" length="70" precision="" nullable="true" comment=""/>
            <column name="Address" key="false" type="String" length="32" precision="" nullable="true" comment=""/>
            <column name="City" key="false" type="String" length="17" precision="" nullable="true" comment=""/>
            <column name="State" key="false" type="String" length="2" precision="" nullable="true" comment=""/>
            <column name="ZipCode" key="false" type="String" length="10" precision="" nullable="true" comment=""/>
            <column name="PhoneNumber" key="false" type="String" length="12" precision="" nullable="true" comment=""/>
            <column name="Latitude" key="false" type="Double" length="20" precision="3" nullable="true" comment=""/>
            <column name="Longitude" key="false" type="Double" length="20" precision="3" nullable="true" comment=""/>
            <column name="DI_WorkflowFileName" key="false" type="String" length="1000" precision="" nullable="true" comment=""/>
          </schema>
        </schemas>
      </component>
      <component icon="pictures/tDBOutput_1.png" uniqueName="tDBOutput_1" label="tgt_dim_business_azure">
        <input link="tMap_1">tMap_1</input>
        <output>none</output>
        <componentType>tMSSqlOutput</componentType>
        <parameters>
          <column name="Database" value="tMSSqlOutput"/>
          <column name="Unique Name" value="tDBOutput_1"/>
          <column name="Component Name" value="tMSSqlOutput"/>
          <column name="Version" value="0.102 (ALPHA)"/>
          <column name="Family" value="Databases/DB Specifics/MS_SQL_Server"/>
          <column name="Startable" value="false"/>
          <column name="SUBTREE_START" value="false"/>
          <column name="END_OF_FLOW" value="true"/>
          <column name="Activate" value="true"/>
          <column name="DUMMY" value="false"/>
          <column name="tStatCatcher Statistics" value="false"/>
          <column name="Help" value="org.talend.help.tMSSqlOutput"/>
          <column name="Update components" value="true"/>
          <column name="IREPORT_PATH" value=""/>
          <column name="JAVA_LIBRARY_PATH" value="/Applications/TalendStudio-8.0.1/studio/configuration/lib/java"/>
          <column name="Subjob color" value=""/>
          <column name="Title color" value=""/>
          <column name="Enable parallel execution" value="false"/>
          <column name="Number of parallel executions" value="2"/>
          <column name="PARALLELIZE_KEEP_EMPTY" value="false"/>
          <column name="Property Type" value="repository: DB (MSSQL):SonomaAzureSQLServer"/>
          <column name="Use an existing connection" value="false"/>
          <column name="Component List" value=""/>
          <column name="JDBC Provider" value="MSSQL_PROP"/>
          <column name="Host" value="context.SonomaAzureSQLServer2_Server"/>
          <column name="Port" value="context.SonomaAzureSQLServer2_Port"/>
          <column name="Schema" value="context.SonomaAzureSQLServer2_Schema"/>
          <column name="Database" value="context.SonomaAzureSQLServer2_Database"/>
          <column name="Database Driver" value="MSSQL"/>
          <column name="Username" value="context.SonomaAzureSQLServer2_Login"/>
          <column name="Password" value="context.SonomaAzureSQLServer2_Password"/>
          <column name="Table" value="&quot;Dim_Business&quot;"/>
          <column name="Action on table" value="NONE"/>
          <column name="Turn on identity insert" value="false"/>
          <column name="Action on data" value="INSERT"/>
          <column name="Specify identity field" value="false"/>
          <column name="Identity field" value="BusinessId"/>
          <column name="Start value" value="1"/>
          <column name="Step" value="1"/>
          <column name="REPOSITORY_ALLOW_AUTO_SWITCH" value="true"/>
          <column name="Schema" value="Built-In"/>
          <column name="Reject Schema" value="Built-In"/>
          <column name="Specify a data source alias" value="false"/>
          <column name="Data source alias" value="&quot;&quot;"/>
          <column name="Die on error" value="false"/>
          <column name="Mapping" value="id_MSSQL"/>
          <column name="Additional JDBC Parameters" value="context.SonomaAzureSQLServer2_AdditionalParams"/>
          <column name="Authenticate using Azure Active Directory" value="false"/>
          <column name="Use alternate schema" value="false"/>
          <column name="Schema" value="&quot;&quot;"/>
          <column name="Encoding" value="&quot;ISO-8859-15&quot;"/>
          <column name="Commit every" value="10000"/>
          <column name="Additional columns" value="[]"/>
          <column name="Use field options" value="false"/>
          <column name="Field options" value="[{SCHEMA_COLUMN=BusinessId, UPDATE_KEY=false, DELETE_KEY=false, UPDATABLE=true, INSERTABLE=true}, {SCHEMA_COLUMN=Name, UPDATE_KEY=false, DELETE_KEY=false, UPDATABLE=true, INSERTABLE=true}, {SCHEMA_COLUMN=Address, UPDATE_KEY=false, DELETE_KEY=false, UPDATABLE=true, INSERTABLE=true}, {SCHEMA_COLUMN=City, UPDATE_KEY=false, DELETE_KEY=false, UPDATABLE=true, INSERTABLE=true}, {SCHEMA_COLUMN=State, UPDATE_KEY=false, DELETE_KEY=false, UPDATABLE=true, INSERTABLE=true}, {SCHEMA_COLUMN=ZipCode, UPDATE_KEY=false, DELETE_KEY=false, UPDATABLE=true, INSERTABLE=true}, {SCHEMA_COLUMN=PhoneNumber, UPDATE_KEY=false, DELETE_KEY=false, UPDATABLE=true, INSERTABLE=true}, {SCHEMA_COLUMN=Latitude, UPDATE_KEY=false, DELETE_KEY=false, UPDATABLE=true, INSERTABLE=true}, {SCHEMA_COLUMN=Longitude, UPDATE_KEY=false, DELETE_KEY=false, UPDATABLE=true, INSERTABLE=true}, {SCHEMA_COLUMN=DI_CreatedDate, UPDATE_KEY=false, DELETE_KEY=false, UPDATABLE=true, INSERTABLE=true}, {SCHEMA_COLUMN=DI_WorkflowFileName, UPDATE_KEY=false, DELETE_KEY=false, UPDATABLE=true, INSERTABLE=true}, {SCHEMA_COLUMN=DI_Workflow_ProcessID, UPDATE_KEY=false, DELETE_KEY=false, UPDATABLE=true, INSERTABLE=true}]"/>
          <column name="Ignore date out of range" value="false"/>
          <column name="Debug query mode" value="false"/>
          <column name="Support null in &quot;SQL WHERE&quot; statement" value="false"/>
          <column name="Use Batch Size" value="true"/>
          <column name="Batch Size" value="10000"/>
          <column name="Set Query Timeout" value="false"/>
          <column name="Timeout (seconds)" value="30"/>
          <column name="Label format" value="tgt_dim_business_azure"/>
          <column name="Hint format" value="&lt;b&gt;__UNIQUE_NAME__&lt;/b&gt;&lt;br&gt;__COMMENT__"/>
          <column name="Connection format" value="row"/>
          <column name="Show Information" value="false"/>
          <column name="Comment" value=""/>
          <column name="Use an existing validation rule" value="false"/>
          <column name="Validation Rule Type" value=""/>
        </parameters>
        <schemas>
          <schema name="tDBOutput_1">
            <column name="BusinessId" key="false" type="String" length="9" precision="" nullable="true" comment=""/>
            <column name="Name" key="false" type="String" length="70" precision="" nullable="true" comment=""/>
            <column name="Address" key="false" type="String" length="32" precision="" nullable="true" comment=""/>
            <column name="City" key="false" type="String" length="17" precision="" nullable="true" comment=""/>
            <column name="State" key="false" type="String" length="2" precision="" nullable="true" comment=""/>
            <column name="ZipCode" key="false" type="String" length="10" precision="" nullable="true" comment=""/>
            <column name="PhoneNumber" key="false" type="String" length="12" precision="" nullable="true" comment=""/>
            <column name="Latitude" key="false" type="Double" length="22" precision="" nullable="true" comment=""/>
            <column name="Longitude" key="false" type="Double" length="22" precision="" nullable="true" comment=""/>
            <column name="DI_CreatedDate" key="false" type="java.util.Date" length="" precision="" nullable="true" comment=""/>
            <column name="DI_WorkflowFileName" key="false" type="String" length="1000" precision="" nullable="true" comment=""/>
            <column name="DI_Workflow_ProcessID" key="false" type="String" length="20" precision="" nullable="true" comment=""/>
          </schema>
        </schemas>
      </component>
      <component icon="pictures/tDBOutput_2.png" uniqueName="tDBOutput_2" label="tgt_dim_business(MySQL)">
        <input link="tMap_3">tMap_3</input>
        <output>none</output>
        <componentType>tMysqlOutput</componentType>
        <parameters>
          <column name="Database" value="tMysqlOutput"/>
          <column name="Unique Name" value="tDBOutput_2"/>
          <column name="Component Name" value="tMysqlOutput"/>
          <column name="Version" value="0.102 (ALPHA)"/>
          <column name="Family" value="Databases/DB Specifics/MySQL"/>
          <column name="Startable" value="false"/>
          <column name="SUBTREE_START" value="false"/>
          <column name="END_OF_FLOW" value="true"/>
          <column name="Activate" value="true"/>
          <column name="DUMMY" value="false"/>
          <column name="tStatCatcher Statistics" value="false"/>
          <column name="Help" value="org.talend.help.tMysqlOutput"/>
          <column name="Update components" value="true"/>
          <column name="IREPORT_PATH" value=""/>
          <column name="JAVA_LIBRARY_PATH" value="/Applications/TalendStudio-8.0.1/studio/configuration/lib/java"/>
          <column name="Subjob color" value=""/>
          <column name="Title color" value=""/>
          <column name="Enable parallel execution" value="false"/>
          <column name="Number of parallel executions" value="2"/>
          <column name="PARALLELIZE_KEEP_EMPTY" value="false"/>
          <column name="Property Type" value="repository: DB (MYSQL):Localhost_Sonoma"/>
          <column name="DB Version" value="MYSQL_8"/>
          <column name="Use an existing connection" value="false"/>
          <column name="Component List" value=""/>
          <column name="Database Driver" value="MYSQL"/>
          <column name="Host" value="context.Localhost_Sonoma_Server"/>
          <column name="Port" value="context.Localhost_Sonoma_Port"/>
          <column name="Database" value="context.Localhost_Sonoma_Database"/>
          <column name="Username" value="context.Localhost_Sonoma_Login"/>
          <column name="Password" value="context.Localhost_Sonoma_Password"/>
          <column name="Table" value="&quot;dim_business&quot;"/>
          <column name="Action on table" value="NONE"/>
          <column name="Action on data" value="INSERT"/>
          <column name="REPOSITORY_ALLOW_AUTO_SWITCH" value="true"/>
          <column name="Schema" value="Built-In"/>
          <column name="Reject Schema" value="Built-In"/>
          <column name="Specify a data source alias" value="false"/>
          <column name="Data source alias" value="&quot;&quot;"/>
          <column name="Die on error" value="false"/>
          <column name="Mapping" value="mysql_id"/>
          <column name="Additional JDBC Parameters" value="context.Localhost_Sonoma_AdditionalParams"/>
          <column name="Extend Insert" value="true"/>
          <column name="Number of rows per insert" value="100"/>
          <column name="Use Batch Size" value="true"/>
          <column name="Batch Size" value="10000"/>
          <column name="Encoding" value="&quot;ISO-8859-15&quot;"/>
          <column name="Commit every" value="10000"/>
          <column name="Additional columns" value="[]"/>
          <column name="Use field options" value="false"/>
          <column name="Field options" value="[{SCHEMA_COLUMN=BusinessSK, UPDATE_KEY=false, DELETE_KEY=false, UPDATABLE=true, INSERTABLE=true}, {SCHEMA_COLUMN=BusinessId, UPDATE_KEY=false, DELETE_KEY=false, UPDATABLE=true, INSERTABLE=true}, {SCHEMA_COLUMN=Name, UPDATE_KEY=false, DELETE_KEY=false, UPDATABLE=true, INSERTABLE=true}, {SCHEMA_COLUMN=Address, UPDATE_KEY=false, DELETE_KEY=false, UPDATABLE=true, INSERTABLE=true}, {SCHEMA_COLUMN=City, UPDATE_KEY=false, DELETE_KEY=false, UPDATABLE=true, INSERTABLE=true}, {SCHEMA_COLUMN=State, UPDATE_KEY=false, DELETE_KEY=false, UPDATABLE=true, INSERTABLE=true}, {SCHEMA_COLUMN=ZipCode, UPDATE_KEY=false, DELETE_KEY=false, UPDATABLE=true, INSERTABLE=true}, {SCHEMA_COLUMN=PhoneNumber, UPDATE_KEY=false, DELETE_KEY=false, UPDATABLE=true, INSERTABLE=true}, {SCHEMA_COLUMN=Latitude, UPDATE_KEY=false, DELETE_KEY=false, UPDATABLE=true, INSERTABLE=true}, {SCHEMA_COLUMN=Longitude, UPDATE_KEY=false, DELETE_KEY=false, UPDATABLE=true, INSERTABLE=true}, {SCHEMA_COLUMN=DI_CreatedDate, UPDATE_KEY=false, DELETE_KEY=false, UPDATABLE=true, INSERTABLE=true}, {SCHEMA_COLUMN=DI_WorkflowFileName, UPDATE_KEY=false, DELETE_KEY=false, UPDATABLE=true, INSERTABLE=true}, {SCHEMA_COLUMN=DI_Workflow_ProcessID, UPDATE_KEY=false, DELETE_KEY=false, UPDATABLE=true, INSERTABLE=true}]"/>
          <column name="Use Hint Options" value="false"/>
          <column name="Hint Options" value="[]"/>
          <column name="Debug query mode" value="false"/>
          <column name="Use duplicate key update mode insert" value="false"/>
          <column name="DUPLICATED_KEYS" value="[]"/>
          <column name="Support null in &quot;SQL WHERE&quot; statement" value="false"/>
          <column name="Label format" value="tgt_dim_business(MySQL)"/>
          <column name="Hint format" value="&lt;b&gt;__UNIQUE_NAME__&lt;/b&gt;&lt;br&gt;__COMMENT__"/>
          <column name="Connection format" value="row"/>
          <column name="Show Information" value="false"/>
          <column name="Comment" value=""/>
          <column name="Use an existing validation rule" value="false"/>
          <column name="Validation Rule Type" value=""/>
        </parameters>
        <schemas>
          <schema name="tDBOutput_2">
            <column name="BusinessSK" key="false" type="Integer" length="" precision="" nullable="true" comment=""/>
            <column name="BusinessId" key="false" type="String" length="9" precision="" nullable="true" comment=""/>
            <column name="Name" key="false" type="String" length="70" precision="" nullable="true" comment=""/>
            <column name="Address" key="false" type="String" length="32" precision="" nullable="true" comment=""/>
            <column name="City" key="false" type="String" length="17" precision="" nullable="true" comment=""/>
            <column name="State" key="false" type="String" length="2" precision="" nullable="true" comment=""/>
            <column name="ZipCode" key="false" type="String" length="10" precision="" nullable="true" comment=""/>
            <column name="PhoneNumber" key="false" type="String" length="12" precision="" nullable="true" comment=""/>
            <column name="Latitude" key="false" type="Double" length="22" precision="" nullable="true" comment=""/>
            <column name="Longitude" key="false" type="Double" length="22" precision="" nullable="true" comment=""/>
            <column name="DI_CreatedDate" key="false" type="java.util.Date" length="" precision="" nullable="true" comment=""/>
            <column name="DI_WorkflowFileName" key="false" type="String" length="1000" precision="" nullable="true" comment=""/>
            <column name="DI_Workflow_ProcessID" key="false" type="String" length="20" precision="" nullable="true" comment=""/>
          </schema>
        </schemas>
      </component>
    </internalNodeComponents>
    <externalNodeComponents>
      <component icon="pictures/tMap_1.png" uniqueName="tMap_1" label="__UNIQUE_NAME__">
        <input link="tDBInput_1">tDBInput_1</input>
        <output link="tDBOutput_1">tDBOutput_1</output>
        <componentType>tMap</componentType>
        <!--tMap_1-->
      </component>
      <component icon="pictures/tMap_3.png" uniqueName="tMap_3" label="__UNIQUE_NAME__">
        <input link="tDBInput_2">tDBInput_2</input>
        <output link="tDBOutput_2">tDBOutput_2</output>
        <componentType>tMap</componentType>
        <!--tMap_3-->
      </component>
    </externalNodeComponents>
    <connections>
      <connection label="row2" lineStyle="0" metaname="tDBInput_2" offsetLabelX="0" offsetLabelY="0" source="tDBInput_2" target="tMap_3"/>
      <connection label="Load_dim_businesss" lineStyle="0" metaname="Load_dim_businesss" offsetLabelX="0" offsetLabelY="0" source="tMap_3" target="tDBOutput_2"/>
      <connection label="row1" lineStyle="0" metaname="tDBInput_1" offsetLabelX="0" offsetLabelY="0" source="tDBInput_1" target="tMap_1"/>
      <connection label="copyOfLoad_dim_businesss" lineStyle="0" metaname="copyOfLoad_dim_businesss" offsetLabelX="0" offsetLabelY="0" source="tMap_1" target="tDBOutput_1"/>
    </connections>
  </job>
</project>
