<?xml version="1.1" encoding="UTF-8"?>

<externalNode i18n.job.component.parameters="Component Parameters:" i18n.job.properties="Properties" i18n.job.values="Values" i18n.mapper.table.for="Mapper table for " i18n.mapper.table.properties="Mapper table Properties" i18n.job.name="Name" i18n.tmap.matching.mode="Matching-mode" i18n.mapper.table.isminimized="isMinimized" i18n.tmap.isreject="isReject" i18n.tmap.isrejectinnnerjoin="isRejectInnerJoin" i18n.tmap.isinnerjoin="isInnerJoin" i18n.tmap.expressionfilter="expressionFilter" i18n.mapper.table.metadata.entries="Metadata Table Entries" i18n.job.type="Type" i18n.mapper.table.expression="Expression" i18n.tmap.isnullable="isNullable" i18n.tmap.constraint.entries="Constraint Table Entries" name="tMap_5" preview="pictures/_YhpDsHB_Ee6vpYF_JqbCuw-tMap_5-PREVIEW.bmp">
  <parameters>
    <column name="tStatCatcher Statistics">false</column>
    <column name="Mapping links display as:">AUTO</column>
    <column name="Temp data directory path:"></column>
    <column name="Max buffer size (nb of rows):">2000000</column>
    <column name="Ignore trailing zeros for BigDecimal">true</column>
    <column name="Show Information">false</column>
    <column name="Comment"><![CDATA[]]></column>
    <column name="Use an existing validation rule">false</column>
  </parameters>
  <mapperTable type="input">
    <table name="row8" matching-mode="UNIQUE_MATCH" lookup-mode="LOAD_ONCE" isMinimized="false" isReject="false" isRejectInnerJoin="false" isInnerJoin="false" isPersistent="false" expressionFilter="null" activateExpressionFilter="false" activateCondensedTool="false" activateColumnNameFilter="false" columnNameFilter="null">
      <metadataTableEntries>
        <entry name="ViolationCodes" type="String" expression="" isNullable="true"/>
        <entry name="ViolationDescriptions" type="String" expression="" isNullable="true"/>
        <entry name="DI_WorkflowFileName" type="String" expression="" isNullable="true"/>
      </metadataTableEntries>
    </table>
  </mapperTable>
  <mapperTable type="output">
    <table name="load_dim_violationcodes" isMinimized="false" isReject="false" isRejectInnerJoin="false" isInnerJoin="false" isPersistent="false" expressionFilter="null" activateExpressionFilter="false" activateCondensedTool="false" activateColumnNameFilter="false" columnNameFilter="null">
      <metadataTableEntries>
        <entry name="ViolationCodes" type="String" expression="row8.ViolationCodes " isNullable="true"/>
        <entry name="ViolationCodeSK" type="Integer" expression="Var.var1 " isNullable="true"/>
        <entry name="ViolationDescriptions" type="String" expression="row8.ViolationDescriptions " isNullable="true"/>
        <entry name="var_DI_CreatedDate" type="java.util.Date" expression="Var.var_DI_CreatedDate " isNullable="false"/>
        <entry name="var_DI_WorkflowFileName" type="String" expression="row8.DI_WorkflowFileName " isNullable="false"/>
        <entry name="var_DI_Workflow_ProcessID" type="String" expression="Var.var_DI_Workflow_ProcessID " isNullable="false"/>
      </metadataTableEntries>
    </table>
  </mapperTable>
  <mapperTable type="var">
    <table name="Var" isMinimized="false" isReject="false" isRejectInnerJoin="false" isInnerJoin="false" isPersistent="false" expressionFilter="null" activateExpressionFilter="false" activateCondensedTool="false" activateColumnNameFilter="false" columnNameFilter="null">
      <metadataTableEntries>
        <entry name="var_DI_CreatedDate" type="java.util.Date" expression="TalendDate.getCurrentDate() " isNullable="false"/>
        <entry name="var_DI_Workflow_ProcessID" type="String" expression="pid" isNullable="false"/>
        <entry name="var1" type="int" expression="Numeric.sequence(&quot;S1&quot;,1,1) " isNullable="false"/>
        <entry name="var2" type="int" expression="row8.ViolationDescriptions==null|| row8.ViolationDescriptions.isEmpty()||row8.ViolationCodes==null||row8.ViolationCodes.isEmpty()
? 
0
: row8.ViolationCodes.trim().startsWith(&quot;K&quot;)?
0
:
row8.ViolationDescriptions.toUpperCase().contains(&quot;MINOR&quot;)
?5
:
row8.ViolationDescriptions.toUpperCase().contains(&quot;MAJOR&quot;)
?10

:0 " isNullable="false"/>
      </metadataTableEntries>
    </table>
  </mapperTable>
</externalNode>
