<?xml version="1.1" encoding="UTF-8"?>

<project i18n.job.generated.documetation="Generated documentation" i18n.job.project.name="Project Name" i18n.job.generated.date="GENERATION DATE" i18n.job.author="AUTHOR" i18n.job.summary="Summary" i18n.job.project.description="Project Description" i18n.job.job.description="Description" i18n.job.job.preview.picture="Preview Picture" i18n.job.job.setting="Settings" i18n.job.context.list="Context List" i18n.job.component.list="Component List" i18n.job.components.description="Components Description" i18n.job.source.code="Source Code" i18n.job.properties="Properties" i18n.job.values="Values" i18n.job.name="Name" i18n.job.language="Language" i18n.job.description="Description" i18n.job.author.min="Author" i18n.job.version="Version" i18n.job.purpose="Purpose" i18n.job.status="Status" i18n.job.creation="Creation" i18n.job.modification="Modification" i18n.job.extract.settings="Extra settings" i18n.job.value="Value" i18n.job.stats.logs="Status &amp; Logs" i18n.job.context="Context" i18n.job.promt="Prompt" i18n.job.need.promt="Need Prompt?" i18n.job.type="Type" i18n.job.source="Source" i18n.job.component.name="Component Name" i18n.job.component.type="Component Type" i18n.job.component="Component" i18n.job.unique.name="UNIQUE NAME" i18n.job.input="INPUT(S)" i18n.job.label="LABEL" i18n.job.output="OUTPUT(S)" i18n.job.component.parameters="Component Parameters:" i18n.job.schema.for="Schema for " i18n.job.column="Column" i18n.job.key="Key" i18n.job.length="Length" i18n.job.precision="Precision" i18n.job.nullable="Nullable" i18n.job.comment="Comment" i18n.job.original.function.parameters="Original Function Parameters:" i18n.job.ended="ended" i18n.job.content="content" i18n.route.manifest.type="Type" i18n.route.manifest.value="Value" i18n.route.resource.name="Name" i18n.route.resource.version="Version" i18n.route.resource.path="Path" name="Midterm_2" logo="pictures/logo.jpg" title="Generated by Talend Cloud Data Fabric" link="http://www.talend.com" language="java" generatedDate="Oct 22, 2023, 5:08:16 PM" versionName="Talend Cloud VERSION " version="8.0.1.20230913_0925-patch" docType="Jobs" company="">
  <pro-description><![CDATA[]]></pro-description>
  <job name="wf_aggr_upd_fct_inspection_mysql" author="parange.a@northeastern.edu" i18n.job.extract.settings.type="i18n.job.extract.settings" i18n.job.stats.logs.type="i18n.job.stats.logs" version="0.1" purpose="to update inspection data into mysql datamart" status="" creation="Oct 21, 2023, 5:32:07 AM" modification="Oct 22, 2023, 4:34:21 PM">
    <description><![CDATA[to update inspection data into mysql datamart<br/>]]></description>
    <preview picture="pictures/wf_aggr_upd_fct_inspection_mysql_0.1.png"/>
    <contextList>
      <context name="Default">
        <contextParameter name="Localhost_Sonoma_Login" prompt="Localhost_Sonoma_Login?" promptNeeded="false" type="id_String" value="root" source="Localhost_Sonoma"/>
        <contextParameter name="Localhost_Sonoma_Server" prompt="Localhost_Sonoma_Server?" promptNeeded="false" type="id_String" value="localhost" source="Localhost_Sonoma"/>
        <contextParameter name="Localhost_Sonoma_Port" prompt="Localhost_Sonoma_Port?" promptNeeded="false" type="id_String" value="3306" source="Localhost_Sonoma"/>
        <contextParameter name="Localhost_Sonoma_Password" prompt="Localhost_Sonoma_Password?" promptNeeded="false" type="id_Password" value="*********" source="Localhost_Sonoma"/>
        <contextParameter name="Localhost_Sonoma_AdditionalParams" prompt="Localhost_Sonoma_AdditionalParams?" promptNeeded="false" type="id_String" value="serverTimezone=UTC" source="Localhost_Sonoma"/>
        <contextParameter name="Localhost_Sonoma_Database" prompt="Localhost_Sonoma_Database?" promptNeeded="false" type="id_String" value="Sonoma" source="Localhost_Sonoma"/>
      </context>
    </contextList>
    <jobSetting>
      <extra>
        <jobParameter name="COMP_DEFAULT_FILE_DIR" value=""/>
        <jobParameter name="Multi thread execution" value="false"/>
        <jobParameter name="Implicit tContextLoad" value="false"/>
      </extra>
      <Statslogs>
        <jobParameter name="Use statistics (tStatCatcher)" value="false"/>
        <jobParameter name="Use logs (tLogCatcher)" value="false"/>
        <jobParameter name="Use volumetrics (tFlowMeterCatcher)" value="false"/>
        <jobParameter name="On Console" value="false"/>
        <jobParameter name="On Files" value="false"/>
        <jobParameter name="On Databases" value="false"/>
        <jobParameter name="Catch components statistics" value="false"/>
        <jobParameter name="Catch runtime errors" value="true"/>
        <jobParameter name="Catch user errors" value="true"/>
        <jobParameter name="Catch user warnings" value="true"/>
      </Statslogs>
    </jobSetting>
    <componentList>
      <componentItem name="tAggregateRow_1" link="tAggregateRow_1" type="tAggregateRow" leftTopX="352" leftTopY="224" rightBottomX="384" rightBottomY="256"/>
      <componentItem name="tDBInput_2" link="tDBInput_2" type="tMysqlInput" leftTopX="128" leftTopY="224" rightBottomX="160" rightBottomY="256"/>
      <componentItem name="tDBOutput_1" link="tDBOutput_1" type="tMysqlOutput" leftTopX="736" leftTopY="224" rightBottomX="768" rightBottomY="256"/>
      <componentItem name="tMap_1" link="tMap_1" type="tMap" leftTopX="544" leftTopY="224" rightBottomX="576" rightBottomY="256"/>
    </componentList>
    <internalNodeComponents>
      <component icon="pictures/tAggregateRow_1.png" uniqueName="tAggregateRow_1" label="__UNIQUE_NAME__">
        <input link="tDBInput_2">tDBInput_2</input>
        <output link="tMap_1">tMap_1</output>
        <componentType>tAggregateRow</componentType>
        <parameters>
          <column name="Unique Name" value="tAggregateRow_1"/>
          <column name="Component Name" value="tAggregateRow"/>
          <column name="Version" value="0.102 (ALPHA)"/>
          <column name="Family" value="Processing"/>
          <column name="Startable" value="false"/>
          <column name="SUBTREE_START" value="false"/>
          <column name="END_OF_FLOW" value="false"/>
          <column name="Activate" value="true"/>
          <column name="DUMMY" value="false"/>
          <column name="tStatCatcher Statistics" value="false"/>
          <column name="Help" value="org.talend.help.tAggregateRow"/>
          <column name="Update components" value="true"/>
          <column name="IREPORT_PATH" value=""/>
          <column name="JAVA_LIBRARY_PATH" value="/Applications/TalendStudio-8.0.1/studio/configuration/lib/java"/>
          <column name="Subjob color" value=""/>
          <column name="Title color" value=""/>
          <column name="Enable parallel execution" value="false"/>
          <column name="Number of parallel executions" value="2"/>
          <column name="PARALLELIZE_KEEP_EMPTY" value="false"/>
          <column name="REPOSITORY_ALLOW_AUTO_SWITCH" value="true"/>
          <column name="Schema" value="Built-In"/>
          <column name="Group by" value="[{OUTPUT_COLUMN=InspectionSK, INPUT_COLUMN=InspectionSK}]"/>
          <column name="Operations" value="[{OUTPUT_COLUMN=Category_Score, FUNCTION=sum, INPUT_COLUMN=Category_Score, IGNORE_NULL=false}]"/>
          <column name="Delimiter (only for list operation)" value="&quot;,&quot;"/>
          <column name="Use financial precision, this is the max precision for &quot;sum&quot; and &quot;avg&quot; operations, checked option heaps more memory and slower than unchecked." value="true"/>
          <column name="Check type overflow (slower)" value="false"/>
          <column name="Check ULP (Unit in the Last Place), ensure that a value will be incremented or decremented correctly, only for float and double types. (slower)" value="false"/>
          <column name="Label format" value="__UNIQUE_NAME__"/>
          <column name="Hint format" value="&lt;b&gt;__UNIQUE_NAME__&lt;/b&gt;&lt;br&gt;__COMMENT__"/>
          <column name="Connection format" value="row"/>
          <column name="Show Information" value="false"/>
          <column name="Comment" value=""/>
          <column name="Use an existing validation rule" value="false"/>
          <column name="Validation Rule Type" value=""/>
        </parameters>
        <schemas>
          <schema name="tAggregateRow_1">
            <column name="Category_Score" key="false" type="int" length="" precision="" nullable="false" comment=""/>
            <column name="InspectionSK" key="false" type="Integer" length="" precision="" nullable="true" comment=""/>
          </schema>
        </schemas>
      </component>
      <component icon="pictures/tDBInput_2.png" uniqueName="tDBInput_2" label="src_fct_violation(MySQL)">
        <input>none</input>
        <output link="tAggregateRow_1">tAggregateRow_1</output>
        <componentType>tMysqlInput</componentType>
        <parameters>
          <column name="Database" value="tMysqlInput"/>
          <column name="Unique Name" value="tDBInput_2"/>
          <column name="Component Name" value="tMysqlInput"/>
          <column name="Version" value="0.102 (ALPHA)"/>
          <column name="Family" value="Databases/DB Specifics/MySQL"/>
          <column name="Start" value="true"/>
          <column name="Startable" value="true"/>
          <column name="SUBTREE_START" value="true"/>
          <column name="END_OF_FLOW" value="false"/>
          <column name="Activate" value="true"/>
          <column name="DUMMY" value="false"/>
          <column name="tStatCatcher Statistics" value="false"/>
          <column name="Help" value="org.talend.help.tMysqlInput"/>
          <column name="Update components" value="true"/>
          <column name="IREPORT_PATH" value=""/>
          <column name="JAVA_LIBRARY_PATH" value="/Applications/TalendStudio-8.0.1/studio/configuration/lib/java"/>
          <column name="Subjob color" value=""/>
          <column name="Title color" value=""/>
          <column name="Enable parallel execution" value="false"/>
          <column name="Number of parallel executions" value="2"/>
          <column name="PARALLELIZE_KEEP_EMPTY" value="false"/>
          <column name="Property Type" value="repository: DB (MYSQL):Localhost_Sonoma"/>
          <column name="DB Version" value="MYSQL_8"/>
          <column name="Use an existing connection" value="false"/>
          <column name="Component List" value=""/>
          <column name="Host" value="context.Localhost_Sonoma_Server"/>
          <column name="Port" value="context.Localhost_Sonoma_Port"/>
          <column name="Database" value="context.Localhost_Sonoma_Database"/>
          <column name="Database Driver" value="MYSQL"/>
          <column name="Username" value="context.Localhost_Sonoma_Login"/>
          <column name="Password" value="context.Localhost_Sonoma_Password"/>
          <column name="REPOSITORY_ALLOW_AUTO_SWITCH" value="true"/>
          <column name="Schema" value="Built-In"/>
          <column name="Table Name" value="&quot;Fct_Violation&quot;"/>
          <column name="Query Type" value="Built-In"/>
          <column name="Guess Schema" value="&quot;&quot;"/>
          <column name="Query" value="&quot;SELECT 
  `Fct_Violation`.`CategoryScore`, 
  `Fct_Violation`.`InspectionSK`
FROM `Fct_Violation` order by `Fct_Violation`.`InspectionSK`&quot;"/>
          <column name="Specify a data source alias" value="false"/>
          <column name="Data source alias" value="&quot;&quot;"/>
          <column name="Mapping" value="mysql_id"/>
          <column name="Additional JDBC Parameters" value="context.Localhost_Sonoma_AdditionalParams"/>
          <column name="Encoding" value="&quot;ISO-8859-15&quot;"/>
          <column name="Enable stream" value="false"/>
          <column name="Trim all the String/Char columns" value="false"/>
          <column name="Trim column" value="[{SCHEMA_COLUMN=Category_Score, TRIM=false}, {SCHEMA_COLUMN=InspectionSK, TRIM=false}]"/>
          <column name="Label format" value="src_fct_violation(MySQL)"/>
          <column name="Hint format" value="&lt;b&gt;__UNIQUE_NAME__&lt;/b&gt;&lt;br&gt;__COMMENT__"/>
          <column name="Connection format" value="row"/>
          <column name="Show Information" value="false"/>
          <column name="Comment" value=""/>
          <column name="Use an existing validation rule" value="false"/>
          <column name="Validation Rule Type" value=""/>
        </parameters>
        <schemas>
          <schema name="tDBInput_2">
            <column name="Category_Score" key="false" type="int" length="" precision="" nullable="false" comment=""/>
            <column name="InspectionSK" key="false" type="Integer" length="" precision="" nullable="true" comment=""/>
          </schema>
        </schemas>
      </component>
      <component icon="pictures/tDBOutput_1.png" uniqueName="tDBOutput_1" label="tgt_fct_inspection(MySQL)">
        <input link="tMap_1">tMap_1</input>
        <output>none</output>
        <componentType>tMysqlOutput</componentType>
        <parameters>
          <column name="Database" value="tMysqlOutput"/>
          <column name="Unique Name" value="tDBOutput_1"/>
          <column name="Component Name" value="tMysqlOutput"/>
          <column name="Version" value="0.102 (ALPHA)"/>
          <column name="Family" value="Databases/DB Specifics/MySQL"/>
          <column name="Startable" value="false"/>
          <column name="SUBTREE_START" value="false"/>
          <column name="END_OF_FLOW" value="true"/>
          <column name="Activate" value="true"/>
          <column name="DUMMY" value="false"/>
          <column name="tStatCatcher Statistics" value="false"/>
          <column name="Help" value="org.talend.help.tMysqlOutput"/>
          <column name="Update components" value="true"/>
          <column name="IREPORT_PATH" value=""/>
          <column name="JAVA_LIBRARY_PATH" value="/Applications/TalendStudio-8.0.1/studio/configuration/lib/java"/>
          <column name="Subjob color" value=""/>
          <column name="Title color" value=""/>
          <column name="Enable parallel execution" value="false"/>
          <column name="Number of parallel executions" value="2"/>
          <column name="PARALLELIZE_KEEP_EMPTY" value="false"/>
          <column name="Property Type" value="repository: DB (MYSQL):Localhost_Sonoma"/>
          <column name="DB Version" value="MYSQL_8"/>
          <column name="Use an existing connection" value="false"/>
          <column name="Component List" value=""/>
          <column name="Database Driver" value="MYSQL"/>
          <column name="Host" value="context.Localhost_Sonoma_Server"/>
          <column name="Port" value="context.Localhost_Sonoma_Port"/>
          <column name="Database" value="context.Localhost_Sonoma_Database"/>
          <column name="Username" value="context.Localhost_Sonoma_Login"/>
          <column name="Password" value="context.Localhost_Sonoma_Password"/>
          <column name="Table" value="&quot;fct_inspection&quot;"/>
          <column name="Action on table" value="NONE"/>
          <column name="Action on data" value="UPDATE"/>
          <column name="REPOSITORY_ALLOW_AUTO_SWITCH" value="true"/>
          <column name="Schema" value="Built-In"/>
          <column name="Reject Schema" value="Built-In"/>
          <column name="Specify a data source alias" value="false"/>
          <column name="Data source alias" value="&quot;&quot;"/>
          <column name="Die on error" value="false"/>
          <column name="Mapping" value="mysql_id"/>
          <column name="Additional JDBC Parameters" value="context.Localhost_Sonoma_AdditionalParams"/>
          <column name="Extend Insert" value="true"/>
          <column name="Number of rows per insert" value="100"/>
          <column name="Use Batch Size" value="true"/>
          <column name="Batch Size" value="10000"/>
          <column name="Encoding" value="&quot;ISO-8859-15&quot;"/>
          <column name="Commit every" value="10000"/>
          <column name="Additional columns" value="[]"/>
          <column name="Use field options" value="false"/>
          <column name="Field options" value="[{SCHEMA_COLUMN=Category_Score, UPDATE_KEY=false, DELETE_KEY=false, UPDATABLE=true, INSERTABLE=true}, {SCHEMA_COLUMN=InspectionSK, UPDATE_KEY=false, DELETE_KEY=false, UPDATABLE=true, INSERTABLE=true}, {SCHEMA_COLUMN=Inspection_Result, UPDATE_KEY=false, DELETE_KEY=false, UPDATABLE=true, INSERTABLE=true}]"/>
          <column name="Use Hint Options" value="false"/>
          <column name="Hint Options" value="[]"/>
          <column name="Debug query mode" value="false"/>
          <column name="Use duplicate key update mode insert" value="false"/>
          <column name="DUPLICATED_KEYS" value="[]"/>
          <column name="Support null in &quot;SQL WHERE&quot; statement" value="false"/>
          <column name="Label format" value="tgt_fct_inspection(MySQL)"/>
          <column name="Hint format" value="&lt;b&gt;__UNIQUE_NAME__&lt;/b&gt;&lt;br&gt;__COMMENT__"/>
          <column name="Connection format" value="row"/>
          <column name="Show Information" value="false"/>
          <column name="Comment" value=""/>
          <column name="Use an existing validation rule" value="false"/>
          <column name="Validation Rule Type" value=""/>
        </parameters>
        <schemas>
          <schema name="out">
            <column name="Category_Score" key="false" type="int" length="" precision="" nullable="false" comment=""/>
            <column name="InspectionSK" key="true" type="Integer" length="" precision="" nullable="true" comment=""/>
            <column name="Inspection_Result" key="false" type="String" length="4" precision="" nullable="false" comment=""/>
          </schema>
        </schemas>
      </component>
    </internalNodeComponents>
    <externalNodeComponents>
      <component icon="pictures/tMap_1.png" uniqueName="tMap_1" label="__UNIQUE_NAME__">
        <input link="tAggregateRow_1">tAggregateRow_1</input>
        <output link="tDBOutput_1">tDBOutput_1</output>
        <componentType>tMap</componentType>
        <!--tMap_1-->
      </component>
    </externalNodeComponents>
    <connections>
      <connection label="row1" lineStyle="0" metaname="tDBInput_2" offsetLabelX="0" offsetLabelY="0" source="tDBInput_2" target="tAggregateRow_1"/>
      <connection label="row2" lineStyle="0" metaname="tAggregateRow_1" offsetLabelX="0" offsetLabelY="0" source="tAggregateRow_1" target="tMap_1"/>
      <connection label="out" lineStyle="0" metaname="out" offsetLabelX="0" offsetLabelY="0" source="tMap_1" target="tDBOutput_1"/>
    </connections>
  </job>
</project>
