<?xml version="1.1" encoding="UTF-8"?>

<externalNode i18n.job.component.parameters="Component Parameters:" i18n.job.properties="Properties" i18n.job.values="Values" i18n.mapper.table.for="Mapper table for " i18n.mapper.table.properties="Mapper table Properties" i18n.job.name="Name" i18n.tmap.matching.mode="Matching-mode" i18n.mapper.table.isminimized="isMinimized" i18n.tmap.isreject="isReject" i18n.tmap.isrejectinnnerjoin="isRejectInnerJoin" i18n.tmap.isinnerjoin="isInnerJoin" i18n.tmap.expressionfilter="expressionFilter" i18n.mapper.table.metadata.entries="Metadata Table Entries" i18n.job.type="Type" i18n.mapper.table.expression="Expression" i18n.tmap.isnullable="isNullable" i18n.tmap.constraint.entries="Constraint Table Entries" name="tMap_4" preview="pictures/_YhpDsHB_Ee6vpYF_JqbCuw-tMap_4-PREVIEW.bmp">
  <parameters>
    <column name="tStatCatcher Statistics">false</column>
    <column name="Mapping links display as:">AUTO</column>
    <column name="Temp data directory path:"></column>
    <column name="Max buffer size (nb of rows):">2000000</column>
    <column name="Ignore trailing zeros for BigDecimal">true</column>
    <column name="Show Information">false</column>
    <column name="Comment"><![CDATA[]]></column>
    <column name="Use an existing validation rule">false</column>
  </parameters>
  <mapperTable type="input">
    <table name="row6" matching-mode="UNIQUE_MATCH" lookup-mode="LOAD_ONCE" isMinimized="false" isReject="false" isRejectInnerJoin="false" isInnerJoin="false" isPersistent="false" expressionFilter="null" activateExpressionFilter="false" activateCondensedTool="false" activateColumnNameFilter="false" columnNameFilter="null">
      <metadataTableEntries>
        <entry name="ViolationCodes" type="String" expression="" isNullable="true"/>
        <entry name="InspectionId" type="String" expression="" isNullable="true"/>
        <entry name="var_seq_vio" type="int" expression="" isNullable="false"/>
      </metadataTableEntries>
    </table>
    <table name="row7" matching-mode="FIRST_MATCH" lookup-mode="LOAD_ONCE" isMinimized="false" isReject="false" isRejectInnerJoin="false" isInnerJoin="true" isPersistent="false" expressionFilter="null" activateExpressionFilter="false" activateCondensedTool="true" activateColumnNameFilter="false" columnNameFilter="null">
      <metadataTableEntries>
        <entry name="InspectionId" type="String" expression="" isNullable="true"/>
        <entry name="ViolationDescriptions" type="String" expression="" isNullable="true"/>
        <entry name="var_voi_seq" type="int" expression="row6.var_seq_vio " isNullable="false"/>
        <entry name="DI_WorkflowFileName" type="String" expression="" isNullable="true"/>
      </metadataTableEntries>
    </table>
  </mapperTable>
  <mapperTable type="output">
    <table name="filter_distinct_violations" isMinimized="false" isReject="false" isRejectInnerJoin="false" isInnerJoin="false" isPersistent="false" expressionFilter="null" activateExpressionFilter="false" activateCondensedTool="false" activateColumnNameFilter="false" columnNameFilter="null">
      <metadataTableEntries>
        <entry name="ViolationCodes" type="String" expression="row6.ViolationCodes " isNullable="true"/>
        <entry name="ViolationDescriptions" type="String" expression="row7.ViolationDescriptions " isNullable="true"/>
        <entry name="DI_WorkflowFileName" type="String" expression="row7.DI_WorkflowFileName " isNullable="true"/>
      </metadataTableEntries>
    </table>
  </mapperTable>
  <mapperTable type="var">
    <table name="Var" isMinimized="false" isReject="false" isRejectInnerJoin="false" isInnerJoin="false" isPersistent="false" expressionFilter="null" activateExpressionFilter="false" activateCondensedTool="false" activateColumnNameFilter="false" columnNameFilter="null"/>
  </mapperTable>
</externalNode>
