<?xml version="1.1" encoding="UTF-8"?>

<project i18n.job.generated.documetation="Generated documentation" i18n.job.project.name="Project Name" i18n.job.generated.date="GENERATION DATE" i18n.job.author="AUTHOR" i18n.job.summary="Summary" i18n.job.project.description="Project Description" i18n.job.job.description="Description" i18n.job.job.preview.picture="Preview Picture" i18n.job.job.setting="Settings" i18n.job.context.list="Context List" i18n.job.component.list="Component List" i18n.job.components.description="Components Description" i18n.job.source.code="Source Code" i18n.job.properties="Properties" i18n.job.values="Values" i18n.job.name="Name" i18n.job.language="Language" i18n.job.description="Description" i18n.job.author.min="Author" i18n.job.version="Version" i18n.job.purpose="Purpose" i18n.job.status="Status" i18n.job.creation="Creation" i18n.job.modification="Modification" i18n.job.extract.settings="Extra settings" i18n.job.value="Value" i18n.job.stats.logs="Status &amp; Logs" i18n.job.context="Context" i18n.job.promt="Prompt" i18n.job.need.promt="Need Prompt?" i18n.job.type="Type" i18n.job.source="Source" i18n.job.component.name="Component Name" i18n.job.component.type="Component Type" i18n.job.component="Component" i18n.job.unique.name="UNIQUE NAME" i18n.job.input="INPUT(S)" i18n.job.label="LABEL" i18n.job.output="OUTPUT(S)" i18n.job.component.parameters="Component Parameters:" i18n.job.schema.for="Schema for " i18n.job.column="Column" i18n.job.key="Key" i18n.job.length="Length" i18n.job.precision="Precision" i18n.job.nullable="Nullable" i18n.job.comment="Comment" i18n.job.original.function.parameters="Original Function Parameters:" i18n.job.ended="ended" i18n.job.content="content" i18n.route.manifest.type="Type" i18n.route.manifest.value="Value" i18n.route.resource.name="Name" i18n.route.resource.version="Version" i18n.route.resource.path="Path" name="Midterm_2" logo="pictures/logo.jpg" title="Generated by Talend Cloud Data Fabric" link="http://www.talend.com" language="java" generatedDate="Oct 22, 2023, 5:08:18 PM" versionName="Talend Cloud VERSION " version="8.0.1.20230913_0925-patch" docType="Jobs" company="">
  <pro-description><![CDATA[]]></pro-description>
  <job name="wf_loaddimviolationcode_azure" author="kadam.asa@northeastern.edu" i18n.job.extract.settings.type="i18n.job.extract.settings" i18n.job.stats.logs.type="i18n.job.stats.logs" version="0.1" purpose="to load violation code data into azure datamart" status="" creation="Oct 21, 2023, 10:04:50 PM" modification="Oct 22, 2023, 4:20:57 PM">
    <description><![CDATA[to load violation code data into azure datamart<br/>]]></description>
    <preview picture="pictures/wf_loaddimviolationcode_azure_0.1.png"/>
    <contextList>
      <context name="Default">
        <contextParameter name="Localhost_Sonoma_Login" prompt="Localhost_Sonoma_Login?" promptNeeded="false" type="id_String" value="root" source="Localhost_Sonoma"/>
        <contextParameter name="Localhost_Sonoma_Server" prompt="Localhost_Sonoma_Server?" promptNeeded="false" type="id_String" value="localhost" source="Localhost_Sonoma"/>
        <contextParameter name="Localhost_Sonoma_Port" prompt="Localhost_Sonoma_Port?" promptNeeded="false" type="id_String" value="3306" source="Localhost_Sonoma"/>
        <contextParameter name="Localhost_Sonoma_Password" prompt="Localhost_Sonoma_Password?" promptNeeded="false" type="id_Password" value="*********" source="Localhost_Sonoma"/>
        <contextParameter name="Localhost_Sonoma_AdditionalParams" prompt="Localhost_Sonoma_AdditionalParams?" promptNeeded="false" type="id_String" value="serverTimezone=UTC" source="Localhost_Sonoma"/>
        <contextParameter name="Localhost_Sonoma_Database" prompt="Localhost_Sonoma_Database?" promptNeeded="false" type="id_String" value="Sonoma" source="Localhost_Sonoma"/>
        <contextParameter name="SonomaAzureSQLServer2_Schema" prompt="SonomaAzureSQLServer2_Schema?" promptNeeded="false" type="id_String" value="" source="SonomaAzureSQLServer2"/>
        <contextParameter name="SonomaAzureSQLServer2_Login" prompt="SonomaAzureSQLServer2_Login?" promptNeeded="false" type="id_String" value="Asawari" source="SonomaAzureSQLServer2"/>
        <contextParameter name="SonomaAzureSQLServer2_AdditionalParams" prompt="SonomaAzureSQLServer2_AdditionalParams?" promptNeeded="false" type="id_String" value="" source="SonomaAzureSQLServer2"/>
        <contextParameter name="SonomaAzureSQLServer2_Server" prompt="SonomaAzureSQLServer2_Server?" promptNeeded="false" type="id_String" value="dadabiserver95.database.windows.net" source="SonomaAzureSQLServer2"/>
        <contextParameter name="SonomaAzureSQLServer2_Password" prompt="SonomaAzureSQLServer2_Password?" promptNeeded="false" type="id_Password" value="**********" source="SonomaAzureSQLServer2"/>
        <contextParameter name="SonomaAzureSQLServer2_Database" prompt="SonomaAzureSQLServer2_Database?" promptNeeded="false" type="id_String" value="SonomaAzure" source="SonomaAzureSQLServer2"/>
        <contextParameter name="SonomaAzureSQLServer2_Port" prompt="SonomaAzureSQLServer2_Port?" promptNeeded="false" type="id_String" value="1433" source="SonomaAzureSQLServer2"/>
      </context>
    </contextList>
    <jobSetting>
      <extra>
        <jobParameter name="COMP_DEFAULT_FILE_DIR" value=""/>
        <jobParameter name="Multi thread execution" value="false"/>
        <jobParameter name="Implicit tContextLoad" value="false"/>
      </extra>
      <Statslogs>
        <jobParameter name="Use statistics (tStatCatcher)" value="false"/>
        <jobParameter name="Use logs (tLogCatcher)" value="false"/>
        <jobParameter name="Use volumetrics (tFlowMeterCatcher)" value="false"/>
        <jobParameter name="On Console" value="false"/>
        <jobParameter name="On Files" value="false"/>
        <jobParameter name="On Databases" value="false"/>
        <jobParameter name="Catch components statistics" value="false"/>
        <jobParameter name="Catch runtime errors" value="true"/>
        <jobParameter name="Catch user errors" value="true"/>
        <jobParameter name="Catch user warnings" value="true"/>
      </Statslogs>
    </jobSetting>
    <componentList>
      <componentItem name="tDBInput_1" link="tDBInput_1" type="tMSSqlInput" leftTopX="96" leftTopY="96" rightBottomX="128" rightBottomY="128"/>
      <componentItem name="tDBOutput_1" link="tDBOutput_1" type="tMSSqlOutput" leftTopX="800" leftTopY="320" rightBottomX="832" rightBottomY="352"/>
      <componentItem name="tHashInput_1" link="tHashInput_1" type="tHashInput" leftTopX="64" leftTopY="288" rightBottomX="96" rightBottomY="320"/>
      <componentItem name="tHashInput_2" link="tHashInput_2" type="tHashInput" leftTopX="64" leftTopY="352" rightBottomX="96" rightBottomY="384"/>
      <componentItem name="tHashOutput_1" link="tHashOutput_1" type="tHashOutput" leftTopX="832" leftTopY="64" rightBottomX="864" rightBottomY="96"/>
      <componentItem name="tHashOutput_2" link="tHashOutput_2" type="tHashOutput" leftTopX="832" leftTopY="160" rightBottomX="864" rightBottomY="192"/>
      <componentItem name="tMap_1" link="tMap_1" type="tMap" leftTopX="672" leftTopY="64" rightBottomX="704" rightBottomY="96"/>
      <componentItem name="tMap_2" link="tMap_2" type="tMap" leftTopX="288" leftTopY="96" rightBottomX="320" rightBottomY="128"/>
      <componentItem name="tMap_3" link="tMap_3" type="tMap" leftTopX="672" leftTopY="160" rightBottomX="704" rightBottomY="192"/>
      <componentItem name="tMap_4" link="tMap_4" type="tMap" leftTopX="192" leftTopY="320" rightBottomX="224" rightBottomY="352"/>
      <componentItem name="tMap_5" link="tMap_5" type="tMap" leftTopX="576" leftTopY="320" rightBottomX="608" rightBottomY="352"/>
      <componentItem name="tNormalize_1" link="tNormalize_1" type="tNormalize" leftTopX="512" leftTopY="64" rightBottomX="544" rightBottomY="96"/>
      <componentItem name="tNormalize_2" link="tNormalize_2" type="tNormalize" leftTopX="512" leftTopY="160" rightBottomX="544" rightBottomY="192"/>
      <componentItem name="tUniqRow_1" link="tUniqRow_1" type="tUniqRow" leftTopX="384" leftTopY="320" rightBottomX="416" rightBottomY="352"/>
    </componentList>
    <internalNodeComponents>
      <component icon="pictures/tDBInput_1.png" uniqueName="tDBInput_1" label="src_stg_azure_food_inspections">
        <input>none</input>
        <output link="tMap_2">tMap_2</output>
        <componentType>tMSSqlInput</componentType>
        <parameters>
          <column name="Database" value="tMSSqlInput"/>
          <column name="Unique Name" value="tDBInput_1"/>
          <column name="Component Name" value="tMSSqlInput"/>
          <column name="Version" value="0.102 (ALPHA)"/>
          <column name="Family" value="Databases/DB Specifics/MS_SQL_Server"/>
          <column name="Start" value="true"/>
          <column name="Startable" value="true"/>
          <column name="SUBTREE_START" value="true"/>
          <column name="END_OF_FLOW" value="false"/>
          <column name="Activate" value="true"/>
          <column name="DUMMY" value="false"/>
          <column name="tStatCatcher Statistics" value="false"/>
          <column name="Help" value="org.talend.help.tMSSqlInput"/>
          <column name="Update components" value="true"/>
          <column name="IREPORT_PATH" value=""/>
          <column name="JAVA_LIBRARY_PATH" value="/Applications/TalendStudio-8.0.1/studio/configuration/lib/java"/>
          <column name="Subjob color" value=""/>
          <column name="Title color" value=""/>
          <column name="Enable parallel execution" value="false"/>
          <column name="Number of parallel executions" value="2"/>
          <column name="PARALLELIZE_KEEP_EMPTY" value="false"/>
          <column name="Use an existing connection" value="false"/>
          <column name="Component List" value=""/>
          <column name="Property Type" value="repository: DB (MSSQL):SonomaAzureSQLServer"/>
          <column name="Host" value="context.SonomaAzureSQLServer2_Server"/>
          <column name="JDBC Provider" value="MSSQL_PROP"/>
          <column name="Database Driver" value="MSSQL"/>
          <column name="Port" value="context.SonomaAzureSQLServer2_Port"/>
          <column name="Schema" value="context.SonomaAzureSQLServer2_Schema"/>
          <column name="Database" value="context.SonomaAzureSQLServer2_Database"/>
          <column name="Username" value="context.SonomaAzureSQLServer2_Login"/>
          <column name="Password" value="context.SonomaAzureSQLServer2_Password"/>
          <column name="REPOSITORY_ALLOW_AUTO_SWITCH" value="true"/>
          <column name="Schema" value="Built-In"/>
          <column name="Table Name" value="&quot;stg_azure_food_insepctions&quot;"/>
          <column name="Query Type" value="Built-In"/>
          <column name="Guess Schema" value="&quot;&quot;"/>
          <column name="Query" value="&quot;SELECT 
  stg_azure_food_inspections.InspectionId, 
  stg_azure_food_inspections.ViolationCodes, 
  stg_azure_food_inspections.ViolationDescriptions, 
  stg_azure_food_inspections.DI_WorkflowFileName
FROM stg_azure_food_inspections;
&quot;"/>
          <column name="Specify a data source alias" value="false"/>
          <column name="Data source alias" value="&quot;&quot;"/>
          <column name="Mapping" value="id_MSSQL"/>
          <column name="Additional JDBC Parameters" value="context.SonomaAzureSQLServer2_AdditionalParams"/>
          <column name="Authenticate using Azure Active Directory" value="false"/>
          <column name="Encoding" value="&quot;ISO-8859-15&quot;"/>
          <column name="Trim all the String/Char columns" value="false"/>
          <column name="Trim column" value="[{SCHEMA_COLUMN=InspectionId, TRIM=false}, {SCHEMA_COLUMN=ViolationCodes, TRIM=false}, {SCHEMA_COLUMN=ViolationDescriptions, TRIM=false}, {SCHEMA_COLUMN=DI_WorkflowFileName, TRIM=false}]"/>
          <column name="Set Query Timeout" value="false"/>
          <column name="Timeout (seconds)" value="30"/>
          <column name="Label format" value="src_stg_azure_food_inspections"/>
          <column name="Hint format" value="&lt;b&gt;__UNIQUE_NAME__&lt;/b&gt;&lt;br&gt;__COMMENT__"/>
          <column name="Connection format" value="row"/>
          <column name="Show Information" value="false"/>
          <column name="Comment" value=""/>
          <column name="Use an existing validation rule" value="false"/>
          <column name="Validation Rule Type" value=""/>
        </parameters>
        <schemas>
          <schema name="tDBInput_1">
            <column name="InspectionId" key="false" type="String" length="9" precision="" nullable="true" comment=""/>
            <column name="ViolationCodes" key="false" type="String" length="109" precision="" nullable="true" comment=""/>
            <column name="ViolationDescriptions" key="false" type="String" length="1000" precision="" nullable="true" comment=""/>
            <column name="DI_WorkflowFileName" key="false" type="String" length="1000" precision="" nullable="true" comment=""/>
          </schema>
        </schemas>
      </component>
      <component icon="pictures/tDBOutput_1.png" uniqueName="tDBOutput_1" label="tgt_dim_violationCodes">
        <input link="tMap_5">tMap_5</input>
        <output>none</output>
        <componentType>tMSSqlOutput</componentType>
        <parameters>
          <column name="Database" value="tMSSqlOutput"/>
          <column name="Unique Name" value="tDBOutput_1"/>
          <column name="Component Name" value="tMSSqlOutput"/>
          <column name="Version" value="0.102 (ALPHA)"/>
          <column name="Family" value="Databases/DB Specifics/MS_SQL_Server"/>
          <column name="Startable" value="false"/>
          <column name="SUBTREE_START" value="false"/>
          <column name="END_OF_FLOW" value="true"/>
          <column name="Activate" value="true"/>
          <column name="DUMMY" value="false"/>
          <column name="tStatCatcher Statistics" value="false"/>
          <column name="Help" value="org.talend.help.tMSSqlOutput"/>
          <column name="Update components" value="true"/>
          <column name="IREPORT_PATH" value=""/>
          <column name="JAVA_LIBRARY_PATH" value="/Applications/TalendStudio-8.0.1/studio/configuration/lib/java"/>
          <column name="Subjob color" value=""/>
          <column name="Title color" value=""/>
          <column name="Enable parallel execution" value="false"/>
          <column name="Number of parallel executions" value="2"/>
          <column name="PARALLELIZE_KEEP_EMPTY" value="false"/>
          <column name="Property Type" value="repository: DB (MSSQL):SonomaAzureSQLServer"/>
          <column name="Use an existing connection" value="false"/>
          <column name="Component List" value=""/>
          <column name="JDBC Provider" value="MSSQL_PROP"/>
          <column name="Host" value="context.SonomaAzureSQLServer2_Server"/>
          <column name="Port" value="context.SonomaAzureSQLServer2_Port"/>
          <column name="Schema" value="context.SonomaAzureSQLServer2_Schema"/>
          <column name="Database" value="context.SonomaAzureSQLServer2_Database"/>
          <column name="Database Driver" value="MSSQL"/>
          <column name="Username" value="context.SonomaAzureSQLServer2_Login"/>
          <column name="Password" value="context.SonomaAzureSQLServer2_Password"/>
          <column name="Table" value="&quot;Dim_ViolationCodes&quot;"/>
          <column name="Action on table" value="NONE"/>
          <column name="Turn on identity insert" value="true"/>
          <column name="Action on data" value="INSERT"/>
          <column name="Specify identity field" value="false"/>
          <column name="Identity field" value="ViolationCodes"/>
          <column name="Start value" value="1"/>
          <column name="Step" value="1"/>
          <column name="REPOSITORY_ALLOW_AUTO_SWITCH" value="true"/>
          <column name="Schema" value="Built-In"/>
          <column name="Reject Schema" value="Built-In"/>
          <column name="Specify a data source alias" value="false"/>
          <column name="Data source alias" value="&quot;&quot;"/>
          <column name="Die on error" value="false"/>
          <column name="Mapping" value="id_MSSQL"/>
          <column name="Additional JDBC Parameters" value="context.SonomaAzureSQLServer2_AdditionalParams"/>
          <column name="Authenticate using Azure Active Directory" value="false"/>
          <column name="Use alternate schema" value="false"/>
          <column name="Schema" value="&quot;&quot;"/>
          <column name="Encoding" value="&quot;ISO-8859-15&quot;"/>
          <column name="Commit every" value="10000"/>
          <column name="Additional columns" value="[]"/>
          <column name="Use field options" value="false"/>
          <column name="Field options" value="[{SCHEMA_COLUMN=ViolationCodes, UPDATE_KEY=false, DELETE_KEY=false, UPDATABLE=true, INSERTABLE=true}, {SCHEMA_COLUMN=ViolationCodeSK, UPDATE_KEY=false, DELETE_KEY=false, UPDATABLE=true, INSERTABLE=true}, {SCHEMA_COLUMN=ViolationDescriptions, UPDATE_KEY=false, DELETE_KEY=false, UPDATABLE=true, INSERTABLE=true}, {SCHEMA_COLUMN=var_DI_CreatedDate, UPDATE_KEY=false, DELETE_KEY=false, UPDATABLE=true, INSERTABLE=true}, {SCHEMA_COLUMN=var_DI_WorkflowFileName, UPDATE_KEY=false, DELETE_KEY=false, UPDATABLE=true, INSERTABLE=true}, {SCHEMA_COLUMN=var_DI_Workflow_ProcessID, UPDATE_KEY=false, DELETE_KEY=false, UPDATABLE=true, INSERTABLE=true}]"/>
          <column name="Ignore date out of range" value="false"/>
          <column name="Debug query mode" value="false"/>
          <column name="Support null in &quot;SQL WHERE&quot; statement" value="false"/>
          <column name="Use Batch Size" value="true"/>
          <column name="Batch Size" value="10000"/>
          <column name="Set Query Timeout" value="false"/>
          <column name="Timeout (seconds)" value="30"/>
          <column name="Label format" value="tgt_dim_violationCodes"/>
          <column name="Hint format" value="&lt;b&gt;__UNIQUE_NAME__&lt;/b&gt;&lt;br&gt;__COMMENT__"/>
          <column name="Connection format" value="row"/>
          <column name="Show Information" value="false"/>
          <column name="Comment" value=""/>
          <column name="Use an existing validation rule" value="false"/>
          <column name="Validation Rule Type" value=""/>
        </parameters>
        <schemas>
          <schema name="load_dim_violation_details">
            <column name="ViolationCodes" key="false" type="String" length="4" precision="" nullable="true" comment=""/>
            <column name="ViolationCodeSK" key="true" type="Integer" length="" precision="" nullable="true" comment=""/>
            <column name="ViolationDescriptions" key="false" type="String" length="100" precision="" nullable="true" comment=""/>
            <column name="var_DI_CreatedDate" key="false" type="java.util.Date" length="" precision="" nullable="false" comment=""/>
            <column name="var_DI_WorkflowFileName" key="false" type="String" length="1000" precision="" nullable="false" comment=""/>
            <column name="var_DI_Workflow_ProcessID" key="false" type="String" length="20" precision="" nullable="false" comment=""/>
          </schema>
        </schemas>
      </component>
      <component icon="pictures/tHashInput_1.png" uniqueName="tHashInput_1" label="__UNIQUE_NAME__">
        <input>none</input>
        <output link="tMap_4">tMap_4</output>
        <componentType>tHashInput</componentType>
        <parameters>
          <column name="Unique Name" value="tHashInput_1"/>
          <column name="Component Name" value="tHashInput"/>
          <column name="Version" value="0.102 (ALPHA)"/>
          <column name="Family" value="Technical"/>
          <column name="Start" value="true"/>
          <column name="Startable" value="true"/>
          <column name="SUBTREE_START" value="true"/>
          <column name="END_OF_FLOW" value="false"/>
          <column name="Activate" value="true"/>
          <column name="DUMMY" value="false"/>
          <column name="tStatCatcher Statistics" value="false"/>
          <column name="Help" value="org.talend.help.Hash"/>
          <column name="Update components" value="true"/>
          <column name="IREPORT_PATH" value=""/>
          <column name="JAVA_LIBRARY_PATH" value="/Applications/TalendStudio-8.0.1/studio/configuration/lib/java"/>
          <column name="Subjob color" value=""/>
          <column name="Title color" value=""/>
          <column name="Enable parallel execution" value="false"/>
          <column name="Number of parallel executions" value="2"/>
          <column name="PARALLELIZE_KEEP_EMPTY" value="false"/>
          <column name="REPOSITORY_ALLOW_AUTO_SWITCH" value="true"/>
          <column name="Schema" value="Built-In"/>
          <column name="Link with a tHashOutput" value="true"/>
          <column name="Component list" value="tHashOutput_1"/>
          <column name="Data from file" value="&quot;C:/Users/amey8/workspace/in.hash&quot;"/>
          <column name="Clear cache after reading" value="false"/>
          <column name="Label format" value="__UNIQUE_NAME__"/>
          <column name="Hint format" value="&lt;b&gt;__UNIQUE_NAME__&lt;/b&gt;&lt;br&gt;__COMMENT__"/>
          <column name="Connection format" value="row"/>
          <column name="Show Information" value="false"/>
          <column name="Comment" value=""/>
          <column name="Use an existing validation rule" value="false"/>
          <column name="Validation Rule Type" value=""/>
        </parameters>
        <schemas>
          <schema name="tHashInput_1">
            <column name="ViolationCodes" key="false" type="String" length="109" precision="" nullable="true" comment=""/>
            <column name="InspectionId" key="false" type="String" length="9" precision="" nullable="true" comment=""/>
            <column name="var_seq_vio" key="false" type="int" length="" precision="" nullable="false" comment=""/>
          </schema>
        </schemas>
      </component>
      <component icon="pictures/tHashInput_2.png" uniqueName="tHashInput_2" label="__UNIQUE_NAME__">
        <input>none</input>
        <output link="tMap_4">tMap_4</output>
        <componentType>tHashInput</componentType>
        <parameters>
          <column name="Unique Name" value="tHashInput_2"/>
          <column name="Component Name" value="tHashInput"/>
          <column name="Version" value="0.102 (ALPHA)"/>
          <column name="Family" value="Technical"/>
          <column name="Start" value="false"/>
          <column name="Startable" value="true"/>
          <column name="SUBTREE_START" value="false"/>
          <column name="END_OF_FLOW" value="false"/>
          <column name="Activate" value="true"/>
          <column name="DUMMY" value="false"/>
          <column name="tStatCatcher Statistics" value="false"/>
          <column name="Help" value="org.talend.help.Hash"/>
          <column name="Update components" value="true"/>
          <column name="IREPORT_PATH" value=""/>
          <column name="JAVA_LIBRARY_PATH" value="/Applications/TalendStudio-8.0.1/studio/configuration/lib/java"/>
          <column name="Subjob color" value=""/>
          <column name="Title color" value=""/>
          <column name="Enable parallel execution" value="false"/>
          <column name="Number of parallel executions" value="2"/>
          <column name="PARALLELIZE_KEEP_EMPTY" value="false"/>
          <column name="REPOSITORY_ALLOW_AUTO_SWITCH" value="true"/>
          <column name="Schema" value="Built-In"/>
          <column name="Link with a tHashOutput" value="true"/>
          <column name="Component list" value="tHashOutput_2"/>
          <column name="Data from file" value="&quot;C:/Users/amey8/workspace/in.hash&quot;"/>
          <column name="Clear cache after reading" value="false"/>
          <column name="Label format" value="__UNIQUE_NAME__"/>
          <column name="Hint format" value="&lt;b&gt;__UNIQUE_NAME__&lt;/b&gt;&lt;br&gt;__COMMENT__"/>
          <column name="Connection format" value="row"/>
          <column name="Show Information" value="false"/>
          <column name="Comment" value=""/>
          <column name="Use an existing validation rule" value="false"/>
          <column name="Validation Rule Type" value=""/>
        </parameters>
        <schemas>
          <schema name="tHashInput_2">
            <column name="InspectionId" key="false" type="String" length="9" precision="" nullable="true" comment=""/>
            <column name="ViolationDescriptions" key="false" type="String" length="1000" precision="" nullable="true" comment=""/>
            <column name="var_voi_seq" key="false" type="int" length="" precision="" nullable="false" comment=""/>
            <column name="DI_WorkflowFileName" key="false" type="String" length="1000" precision="" nullable="true" comment=""/>
          </schema>
        </schemas>
      </component>
      <component icon="pictures/tHashOutput_1.png" uniqueName="tHashOutput_1" label="__UNIQUE_NAME__">
        <input link="tMap_1">tMap_1</input>
        <output>none</output>
        <componentType>tHashOutput</componentType>
        <parameters>
          <column name="Unique Name" value="tHashOutput_1"/>
          <column name="Component Name" value="tHashOutput"/>
          <column name="Version" value="0.101 (ALPHA)"/>
          <column name="Family" value="Technical"/>
          <column name="Startable" value="false"/>
          <column name="SUBTREE_START" value="false"/>
          <column name="END_OF_FLOW" value="true"/>
          <column name="Activate" value="true"/>
          <column name="DUMMY" value="false"/>
          <column name="tStatCatcher Statistics" value="false"/>
          <column name="Help" value="org.talend.help.Hash"/>
          <column name="Update components" value="true"/>
          <column name="IREPORT_PATH" value=""/>
          <column name="JAVA_LIBRARY_PATH" value="/Applications/TalendStudio-8.0.1/studio/configuration/lib/java"/>
          <column name="Subjob color" value=""/>
          <column name="Title color" value=""/>
          <column name="Enable parallel execution" value="false"/>
          <column name="Number of parallel executions" value="2"/>
          <column name="PARALLELIZE_KEEP_EMPTY" value="false"/>
          <column name="REPOSITORY_ALLOW_AUTO_SWITCH" value="true"/>
          <column name="Schema" value="Built-In"/>
          <column name="Link with a tHashOutput" value="false"/>
          <column name="Component list" value=""/>
          <column name="Data write model" value="MEMORY"/>
          <column name="File to persist data" value="&quot;C:/Users/amey8/workspace/in.hash&quot;"/>
          <column name="Max memory heap size(MB)" value="2"/>
          <column name="Keys management" value="KEEP_ALL"/>
          <column name="Append" value="true"/>
          <column name="hash key from input connector" value="false"/>
          <column name="Label format" value="__UNIQUE_NAME__"/>
          <column name="Hint format" value="&lt;b&gt;__UNIQUE_NAME__&lt;/b&gt;&lt;br&gt;__COMMENT__"/>
          <column name="Connection format" value="row"/>
          <column name="Show Information" value="false"/>
          <column name="Comment" value=""/>
          <column name="Use an existing validation rule" value="false"/>
          <column name="Validation Rule Type" value=""/>
        </parameters>
        <schemas>
          <schema name="store_voi_code">
            <column name="ViolationCodes" key="false" type="String" length="109" precision="" nullable="true" comment=""/>
            <column name="InspectionId" key="false" type="String" length="9" precision="" nullable="true" comment=""/>
            <column name="var_seq_vio" key="false" type="int" length="" precision="" nullable="false" comment=""/>
          </schema>
        </schemas>
      </component>
      <component icon="pictures/tHashOutput_2.png" uniqueName="tHashOutput_2" label="__UNIQUE_NAME__">
        <input link="tMap_3">tMap_3</input>
        <output>none</output>
        <componentType>tHashOutput</componentType>
        <parameters>
          <column name="Unique Name" value="tHashOutput_2"/>
          <column name="Component Name" value="tHashOutput"/>
          <column name="Version" value="0.101 (ALPHA)"/>
          <column name="Family" value="Technical"/>
          <column name="Startable" value="false"/>
          <column name="SUBTREE_START" value="false"/>
          <column name="END_OF_FLOW" value="true"/>
          <column name="Activate" value="true"/>
          <column name="DUMMY" value="false"/>
          <column name="tStatCatcher Statistics" value="false"/>
          <column name="Help" value="org.talend.help.Hash"/>
          <column name="Update components" value="true"/>
          <column name="IREPORT_PATH" value=""/>
          <column name="JAVA_LIBRARY_PATH" value="/Applications/TalendStudio-8.0.1/studio/configuration/lib/java"/>
          <column name="Subjob color" value=""/>
          <column name="Title color" value=""/>
          <column name="Enable parallel execution" value="false"/>
          <column name="Number of parallel executions" value="2"/>
          <column name="PARALLELIZE_KEEP_EMPTY" value="false"/>
          <column name="REPOSITORY_ALLOW_AUTO_SWITCH" value="true"/>
          <column name="Schema" value="Built-In"/>
          <column name="Link with a tHashOutput" value="false"/>
          <column name="Component list" value=""/>
          <column name="Data write model" value="MEMORY"/>
          <column name="File to persist data" value="&quot;C:/Users/amey8/workspace/in.hash&quot;"/>
          <column name="Max memory heap size(MB)" value="2"/>
          <column name="Keys management" value="KEEP_ALL"/>
          <column name="Append" value="true"/>
          <column name="hash key from input connector" value="false"/>
          <column name="Label format" value="__UNIQUE_NAME__"/>
          <column name="Hint format" value="&lt;b&gt;__UNIQUE_NAME__&lt;/b&gt;&lt;br&gt;__COMMENT__"/>
          <column name="Connection format" value="row"/>
          <column name="Show Information" value="false"/>
          <column name="Comment" value=""/>
          <column name="Use an existing validation rule" value="false"/>
          <column name="Validation Rule Type" value=""/>
        </parameters>
        <schemas>
          <schema name="store_vio">
            <column name="InspectionId" key="false" type="String" length="9" precision="" nullable="true" comment=""/>
            <column name="ViolationDescriptions" key="false" type="String" length="1000" precision="" nullable="true" comment=""/>
            <column name="var_voi_seq" key="false" type="int" length="" precision="" nullable="false" comment=""/>
            <column name="DI_WorkflowFileName" key="false" type="String" length="1000" precision="" nullable="true" comment=""/>
          </schema>
        </schemas>
      </component>
      <component icon="pictures/tNormalize_1.png" uniqueName="tNormalize_1" label="__UNIQUE_NAME__">
        <input link="tMap_2">tMap_2</input>
        <output link="tMap_1">tMap_1</output>
        <componentType>tNormalize</componentType>
        <parameters>
          <column name="Unique Name" value="tNormalize_1"/>
          <column name="Component Name" value="tNormalize"/>
          <column name="Version" value="0.101 (ALPHA)"/>
          <column name="Family" value="Processing/Fields"/>
          <column name="Startable" value="false"/>
          <column name="SUBTREE_START" value="false"/>
          <column name="END_OF_FLOW" value="false"/>
          <column name="Activate" value="true"/>
          <column name="DUMMY" value="false"/>
          <column name="tStatCatcher Statistics" value="false"/>
          <column name="Help" value="org.talend.help.tNormalize"/>
          <column name="Update components" value="true"/>
          <column name="IREPORT_PATH" value=""/>
          <column name="JAVA_LIBRARY_PATH" value="/Applications/TalendStudio-8.0.1/studio/configuration/lib/java"/>
          <column name="Subjob color" value=""/>
          <column name="Title color" value=""/>
          <column name="Enable parallel execution" value="false"/>
          <column name="Number of parallel executions" value="2"/>
          <column name="PARALLELIZE_KEEP_EMPTY" value="false"/>
          <column name="REPOSITORY_ALLOW_AUTO_SWITCH" value="true"/>
          <column name="Schema" value="Built-In"/>
          <column name="Column to normalize" value="ViolationCodes"/>
          <column name="Item separator" value="&quot;\\|&quot;"/>
          <column name="Get rid of duplicate rows from output" value="false"/>
          <column name="Use CSV parameters" value="false"/>
          <column name="Escape mode" value="ESCAPE_MODE_DOUBLED"/>
          <column name="Text enclosure" value="&quot;\&quot;&quot;"/>
          <column name="Discard the trailing empty strings" value="false"/>
          <column name="Trim resulting values" value="false"/>
          <column name="Label format" value="__UNIQUE_NAME__"/>
          <column name="Hint format" value="&lt;b&gt;__UNIQUE_NAME__&lt;/b&gt;&lt;br&gt;__COMMENT__"/>
          <column name="Connection format" value="row"/>
          <column name="Show Information" value="false"/>
          <column name="Comment" value=""/>
          <column name="Use an existing validation rule" value="false"/>
          <column name="Validation Rule Type" value=""/>
        </parameters>
        <schemas>
          <schema name="norm_Violation_codes">
            <column name="InspectionId" key="false" type="String" length="9" precision="" nullable="true" comment=""/>
            <column name="ViolationCodes" key="false" type="String" length="109" precision="" nullable="true" comment=""/>
          </schema>
        </schemas>
      </component>
      <component icon="pictures/tNormalize_2.png" uniqueName="tNormalize_2" label="__UNIQUE_NAME__">
        <input link="tMap_2">tMap_2</input>
        <output link="tMap_3">tMap_3</output>
        <componentType>tNormalize</componentType>
        <parameters>
          <column name="Unique Name" value="tNormalize_2"/>
          <column name="Component Name" value="tNormalize"/>
          <column name="Version" value="0.101 (ALPHA)"/>
          <column name="Family" value="Processing/Fields"/>
          <column name="Startable" value="false"/>
          <column name="SUBTREE_START" value="false"/>
          <column name="END_OF_FLOW" value="false"/>
          <column name="Activate" value="true"/>
          <column name="DUMMY" value="false"/>
          <column name="tStatCatcher Statistics" value="false"/>
          <column name="Help" value="org.talend.help.tNormalize"/>
          <column name="Update components" value="true"/>
          <column name="IREPORT_PATH" value=""/>
          <column name="JAVA_LIBRARY_PATH" value="/Applications/TalendStudio-8.0.1/studio/configuration/lib/java"/>
          <column name="Subjob color" value=""/>
          <column name="Title color" value=""/>
          <column name="Enable parallel execution" value="false"/>
          <column name="Number of parallel executions" value="2"/>
          <column name="PARALLELIZE_KEEP_EMPTY" value="false"/>
          <column name="REPOSITORY_ALLOW_AUTO_SWITCH" value="true"/>
          <column name="Schema" value="Built-In"/>
          <column name="Column to normalize" value="ViolationDescriptions"/>
          <column name="Item separator" value="&quot;\\|&quot;"/>
          <column name="Get rid of duplicate rows from output" value="false"/>
          <column name="Use CSV parameters" value="false"/>
          <column name="Escape mode" value="ESCAPE_MODE_DOUBLED"/>
          <column name="Text enclosure" value="&quot;\&quot;&quot;"/>
          <column name="Discard the trailing empty strings" value="false"/>
          <column name="Trim resulting values" value="false"/>
          <column name="Label format" value="__UNIQUE_NAME__"/>
          <column name="Hint format" value="&lt;b&gt;__UNIQUE_NAME__&lt;/b&gt;&lt;br&gt;__COMMENT__"/>
          <column name="Connection format" value="row"/>
          <column name="Show Information" value="false"/>
          <column name="Comment" value=""/>
          <column name="Use an existing validation rule" value="false"/>
          <column name="Validation Rule Type" value=""/>
        </parameters>
        <schemas>
          <schema name="norm_Violation_description">
            <column name="InspectionId" key="false" type="String" length="9" precision="" nullable="true" comment=""/>
            <column name="ViolationDescriptions" key="false" type="String" length="1000" precision="" nullable="true" comment=""/>
            <column name="DI_WorkflowFileName" key="false" type="String" length="1000" precision="" nullable="true" comment=""/>
          </schema>
        </schemas>
      </component>
      <component icon="pictures/tUniqRow_1.png" uniqueName="tUniqRow_1" label="__UNIQUE_NAME__">
        <input link="tMap_4">tMap_4</input>
        <output link="tMap_5">tMap_5</output>
        <componentType>tUniqRow</componentType>
        <parameters>
          <column name="Unique Name" value="tUniqRow_1"/>
          <column name="Component Name" value="tUniqRow"/>
          <column name="Version" value="0.101 (ALPHA)"/>
          <column name="Family" value="Data_Quality"/>
          <column name="Startable" value="false"/>
          <column name="SUBTREE_START" value="false"/>
          <column name="END_OF_FLOW" value="false"/>
          <column name="Activate" value="true"/>
          <column name="DUMMY" value="false"/>
          <column name="tStatCatcher Statistics" value="false"/>
          <column name="Help" value="org.talend.help.tUniqRow"/>
          <column name="Update components" value="true"/>
          <column name="IREPORT_PATH" value=""/>
          <column name="JAVA_LIBRARY_PATH" value="/Applications/TalendStudio-8.0.1/studio/configuration/lib/java"/>
          <column name="Subjob color" value=""/>
          <column name="Title color" value=""/>
          <column name="Enable parallel execution" value="false"/>
          <column name="Number of parallel executions" value="2"/>
          <column name="PARALLELIZE_KEEP_EMPTY" value="false"/>
          <column name="REPOSITORY_ALLOW_AUTO_SWITCH" value="true"/>
          <column name="Schema" value="Built-In"/>
          <column name="Schema" value="Built-In"/>
          <column name="Schema" value="Built-In"/>
          <column name="Unique key" value="[{SCHEMA_COLUMN=ViolationCodes, KEY_ATTRIBUTE=true, CASE_SENSITIVE=false}, {SCHEMA_COLUMN=ViolationDescriptions, KEY_ATTRIBUTE=true, CASE_SENSITIVE=false}, {SCHEMA_COLUMN=DI_WorkflowFileName, KEY_ATTRIBUTE=true, CASE_SENSITIVE=false}]"/>
          <column name="Only once each duplicated key" value="false"/>
          <column name="Use of disk (suitable for processing large row set)" value="false"/>
          <column name="Buffer size in memory" value="M"/>
          <column name="Directory for temp files" value=""/>
          <column name="Ignore trailing zeros for BigDecimal" value="false"/>
          <column name="Label format" value="__UNIQUE_NAME__"/>
          <column name="Hint format" value="&lt;b&gt;__UNIQUE_NAME__&lt;/b&gt;&lt;br&gt;__COMMENT__"/>
          <column name="Connection format" value="row"/>
          <column name="Show Information" value="false"/>
          <column name="Comment" value=""/>
          <column name="Use an existing validation rule" value="false"/>
          <column name="Validation Rule Type" value=""/>
        </parameters>
        <schemas>
          <schema name="filter_distinct_violations">
            <column name="ViolationCodes" key="false" type="String" length="109" precision="" nullable="true" comment=""/>
            <column name="ViolationDescriptions" key="false" type="String" length="1000" precision="" nullable="true" comment=""/>
            <column name="DI_WorkflowFileName" key="false" type="String" length="1000" precision="" nullable="true" comment=""/>
          </schema>
        </schemas>
      </component>
    </internalNodeComponents>
    <externalNodeComponents>
      <component icon="pictures/tMap_1.png" uniqueName="tMap_1" label="__UNIQUE_NAME__">
        <input link="tNormalize_1">tNormalize_1</input>
        <output link="tHashOutput_1">tHashOutput_1</output>
        <componentType>tMap</componentType>
        <!--tMap_1-->
      </component>
      <component icon="pictures/tMap_2.png" uniqueName="tMap_2" label="__UNIQUE_NAME__">
        <input link="tDBInput_1">tDBInput_1</input>
        <output link="tNormalize_1">tNormalize_1</output>
        <output link="tNormalize_2">tNormalize_2</output>
        <componentType>tMap</componentType>
        <!--tMap_2-->
      </component>
      <component icon="pictures/tMap_3.png" uniqueName="tMap_3" label="__UNIQUE_NAME__">
        <input link="tNormalize_2">tNormalize_2</input>
        <output link="tHashOutput_2">tHashOutput_2</output>
        <componentType>tMap</componentType>
        <!--tMap_3-->
      </component>
      <component icon="pictures/tMap_4.png" uniqueName="tMap_4" label="__UNIQUE_NAME__">
        <input link="tHashInput_1">tHashInput_1</input>
        <input link="tHashInput_2">tHashInput_2</input>
        <output link="tUniqRow_1">tUniqRow_1</output>
        <componentType>tMap</componentType>
        <!--tMap_4-->
      </component>
      <component icon="pictures/tMap_5.png" uniqueName="tMap_5" label="__UNIQUE_NAME__">
        <input link="tUniqRow_1">tUniqRow_1</input>
        <output link="tDBOutput_1">tDBOutput_1</output>
        <componentType>tMap</componentType>
        <!--tMap_5-->
      </component>
    </externalNodeComponents>
    <connections>
      <connection label="row6" lineStyle="0" metaname="tHashInput_1" offsetLabelX="0" offsetLabelY="0" source="tHashInput_1" target="tMap_4"/>
      <connection label="row7" lineStyle="8" metaname="tHashInput_2" offsetLabelX="0" offsetLabelY="0" source="tHashInput_2" target="tMap_4"/>
      <connection label="filter_distinct_violations" lineStyle="0" metaname="filter_distinct_violations" offsetLabelX="0" offsetLabelY="0" source="tMap_4" target="tUniqRow_1"/>
      <connection label="row8" lineStyle="0" metaname="tUniqRow_1" offsetLabelX="0" offsetLabelY="0" source="tUniqRow_1" target="tMap_5"/>
      <connection label="load_dim_violationcodes" lineStyle="0" metaname="load_dim_violationcodes" offsetLabelX="0" offsetLabelY="0" source="tMap_5" target="tDBOutput_1"/>
      <connection label="row1" lineStyle="0" metaname="tDBInput_1" offsetLabelX="0" offsetLabelY="0" source="tDBInput_1" target="tMap_2"/>
      <connection label="norm_Violation_codes" lineStyle="0" metaname="norm_Violation_codes" offsetLabelX="-49" offsetLabelY="-50" source="tMap_2" target="tNormalize_1"/>
      <connection label="norm_Violation_description" lineStyle="0" metaname="norm_Violation_description" offsetLabelX="-50" offsetLabelY="36" source="tMap_2" target="tNormalize_2"/>
      <connection label="row4" lineStyle="0" metaname="tNormalize_1" offsetLabelX="0" offsetLabelY="0" source="tNormalize_1" target="tMap_1"/>
      <connection label="store_voi_code" lineStyle="0" metaname="store_voi_code" offsetLabelX="-10" offsetLabelY="-43" source="tMap_1" target="tHashOutput_1"/>
      <connection label="row5" lineStyle="0" metaname="tNormalize_2" offsetLabelX="14" offsetLabelY="-24" source="tNormalize_2" target="tMap_3"/>
      <connection label="store_vio" lineStyle="0" metaname="store_vio" offsetLabelX="0" offsetLabelY="0" source="tMap_3" target="tHashOutput_2"/>
    </connections>
  </job>
</project>
