<?xml version="1.1" encoding="UTF-8"?>

<project i18n.job.generated.documetation="Generated documentation" i18n.job.project.name="Project Name" i18n.job.generated.date="GENERATION DATE" i18n.job.author="AUTHOR" i18n.job.summary="Summary" i18n.job.project.description="Project Description" i18n.job.job.description="Description" i18n.job.job.preview.picture="Preview Picture" i18n.job.job.setting="Settings" i18n.job.context.list="Context List" i18n.job.component.list="Component List" i18n.job.components.description="Components Description" i18n.job.source.code="Source Code" i18n.job.properties="Properties" i18n.job.values="Values" i18n.job.name="Name" i18n.job.language="Language" i18n.job.description="Description" i18n.job.author.min="Author" i18n.job.version="Version" i18n.job.purpose="Purpose" i18n.job.status="Status" i18n.job.creation="Creation" i18n.job.modification="Modification" i18n.job.extract.settings="Extra settings" i18n.job.value="Value" i18n.job.stats.logs="Status &amp; Logs" i18n.job.context="Context" i18n.job.promt="Prompt" i18n.job.need.promt="Need Prompt?" i18n.job.type="Type" i18n.job.source="Source" i18n.job.component.name="Component Name" i18n.job.component.type="Component Type" i18n.job.component="Component" i18n.job.unique.name="UNIQUE NAME" i18n.job.input="INPUT(S)" i18n.job.label="LABEL" i18n.job.output="OUTPUT(S)" i18n.job.component.parameters="Component Parameters:" i18n.job.schema.for="Schema for " i18n.job.column="Column" i18n.job.key="Key" i18n.job.length="Length" i18n.job.precision="Precision" i18n.job.nullable="Nullable" i18n.job.comment="Comment" i18n.job.original.function.parameters="Original Function Parameters:" i18n.job.ended="ended" i18n.job.content="content" i18n.route.manifest.type="Type" i18n.route.manifest.value="Value" i18n.route.resource.name="Name" i18n.route.resource.version="Version" i18n.route.resource.path="Path" name="Midterm_2" logo="pictures/logo.jpg" title="Generated by Talend Cloud Data Fabric" link="http://www.talend.com" language="java" generatedDate="Oct 22, 2023, 5:08:15 PM" versionName="Talend Cloud VERSION " version="8.0.1.20230913_0925-patch" docType="Jobs" company="">
  <pro-description><![CDATA[]]></pro-description>
  <job name="wf_stage_load" author="parange.a@northeastern.edu" i18n.job.extract.settings.type="i18n.job.extract.settings" i18n.job.stats.logs.type="i18n.job.stats.logs" version="0.1" purpose="to load staging tables in mysql and azure sql server from delimited file" status="" creation="Oct 19, 2023, 3:51:06 PM" modification="Oct 22, 2023, 4:00:58 PM">
    <description><![CDATA[to load staging tables in mysql and azure sql server from delimited file<br/>]]></description>
    <preview picture="pictures/wf_stage_load_0.1.png"/>
    <contextList>
      <context name="Default">
        <contextParameter name="Localhost_Sonoma_Login" prompt="Localhost_Sonoma_Login?" promptNeeded="false" type="id_String" value="root" source="Localhost_Sonoma"/>
        <contextParameter name="Localhost_Sonoma_Server" prompt="Localhost_Sonoma_Server?" promptNeeded="false" type="id_String" value="localhost" source="Localhost_Sonoma"/>
        <contextParameter name="Localhost_Sonoma_Port" prompt="Localhost_Sonoma_Port?" promptNeeded="false" type="id_String" value="3306" source="Localhost_Sonoma"/>
        <contextParameter name="Localhost_Sonoma_Password" prompt="Localhost_Sonoma_Password?" promptNeeded="false" type="id_Password" value="*********" source="Localhost_Sonoma"/>
        <contextParameter name="Localhost_Sonoma_AdditionalParams" prompt="Localhost_Sonoma_AdditionalParams?" promptNeeded="false" type="id_String" value="serverTimezone=UTC" source="Localhost_Sonoma"/>
        <contextParameter name="Localhost_Sonoma_Database" prompt="Localhost_Sonoma_Database?" promptNeeded="false" type="id_String" value="Sonoma" source="Localhost_Sonoma"/>
        <contextParameter name="src_FoodFacility_Inspection_FieldSeparator" prompt="src_FoodFacility_Inspection_FieldSeparator?" promptNeeded="false" type="id_String" value="&quot;,&quot;" source="src_FoodFacility_Inspection"/>
        <contextParameter name="src_FoodFacility_Inspection_Encoding" prompt="src_FoodFacility_Inspection_Encoding?" promptNeeded="false" type="id_String" value="UTF-8" source="src_FoodFacility_Inspection"/>
        <contextParameter name="src_FoodFacility_Inspection_RowSeparator" prompt="src_FoodFacility_Inspection_RowSeparator?" promptNeeded="false" type="id_String" value="&quot;\n&quot;" source="src_FoodFacility_Inspection"/>
        <contextParameter name="src_FoodFacility_Inspection_Header" prompt="src_FoodFacility_Inspection_Header?" promptNeeded="false" type="id_Integer" value="1" source="src_FoodFacility_Inspection"/>
        <contextParameter name="src_FoodFacility_Inspection_File" prompt="src_FoodFacility_Inspection_File?" promptNeeded="false" type="id_File" value="/Users/asawari/Desktop/Fall 2023/DADABI/Talend/Food_Facility_Inspections.csv" source="src_FoodFacility_Inspection"/>
        <contextParameter name="SonomaAzureSQLServer_Password" prompt="SonomaAzureSQLServer_Password?" promptNeeded="false" type="id_Password" value="**********" source="SonomaAzureSQLServer"/>
        <contextParameter name="SonomaAzureSQLServer_Database" prompt="SonomaAzureSQLServer_Database?" promptNeeded="false" type="id_String" value="Asawari_db" source="SonomaAzureSQLServer"/>
        <contextParameter name="SonomaAzureSQLServer_Server" prompt="SonomaAzureSQLServer_Server?" promptNeeded="false" type="id_String" value="dadabiserver95.database.windows.net" source="SonomaAzureSQLServer"/>
        <contextParameter name="SonomaAzureSQLServer_Schema" prompt="SonomaAzureSQLServer_Schema?" promptNeeded="false" type="id_String" value="SonomaAzure" source="SonomaAzureSQLServer"/>
        <contextParameter name="SonomaAzureSQLServer_AdditionalParams" prompt="SonomaAzureSQLServer_AdditionalParams?" promptNeeded="false" type="id_String" value="" source="SonomaAzureSQLServer"/>
        <contextParameter name="SonomaAzureSQLServer_Login" prompt="SonomaAzureSQLServer_Login?" promptNeeded="false" type="id_String" value="Asawari" source="SonomaAzureSQLServer"/>
        <contextParameter name="SonomaAzureSQLServer_Port" prompt="SonomaAzureSQLServer_Port?" promptNeeded="false" type="id_String" value="1433" source="SonomaAzureSQLServer"/>
        <contextParameter name="SonomaAzureSQLServer1_Schema" prompt="SonomaAzureSQLServer1_Schema?" promptNeeded="false" type="id_String" value="SonomaAzure" source="SonomaAzureSQLServer1"/>
        <contextParameter name="SonomaAzureSQLServer1_AdditionalParams" prompt="SonomaAzureSQLServer1_AdditionalParams?" promptNeeded="false" type="id_String" value="" source="SonomaAzureSQLServer1"/>
        <contextParameter name="SonomaAzureSQLServer1_Database" prompt="SonomaAzureSQLServer1_Database?" promptNeeded="false" type="id_String" value="Asawari_db" source="SonomaAzureSQLServer1"/>
        <contextParameter name="SonomaAzureSQLServer1_Password" prompt="SonomaAzureSQLServer1_Password?" promptNeeded="false" type="id_Password" value="**********" source="SonomaAzureSQLServer1"/>
        <contextParameter name="SonomaAzureSQLServer1_Server" prompt="SonomaAzureSQLServer1_Server?" promptNeeded="false" type="id_String" value="dadabiserver95.database.windows.net" source="SonomaAzureSQLServer1"/>
        <contextParameter name="SonomaAzureSQLServer1_Port" prompt="SonomaAzureSQLServer1_Port?" promptNeeded="false" type="id_String" value="1433" source="SonomaAzureSQLServer1"/>
        <contextParameter name="SonomaAzureSQLServer1_Login" prompt="SonomaAzureSQLServer1_Login?" promptNeeded="false" type="id_String" value="Asawari" source="SonomaAzureSQLServer1"/>
        <contextParameter name="SonomaAzureSQLServer2_Schema" prompt="SonomaAzureSQLServer2_Schema?" promptNeeded="false" type="id_String" value="" source="SonomaAzureSQLServer2"/>
        <contextParameter name="SonomaAzureSQLServer2_Login" prompt="SonomaAzureSQLServer2_Login?" promptNeeded="false" type="id_String" value="Asawari" source="SonomaAzureSQLServer2"/>
        <contextParameter name="SonomaAzureSQLServer2_AdditionalParams" prompt="SonomaAzureSQLServer2_AdditionalParams?" promptNeeded="false" type="id_String" value="" source="SonomaAzureSQLServer2"/>
        <contextParameter name="SonomaAzureSQLServer2_Server" prompt="SonomaAzureSQLServer2_Server?" promptNeeded="false" type="id_String" value="dadabiserver95.database.windows.net" source="SonomaAzureSQLServer2"/>
        <contextParameter name="SonomaAzureSQLServer2_Password" prompt="SonomaAzureSQLServer2_Password?" promptNeeded="false" type="id_Password" value="**********" source="SonomaAzureSQLServer2"/>
        <contextParameter name="SonomaAzureSQLServer2_Database" prompt="SonomaAzureSQLServer2_Database?" promptNeeded="false" type="id_String" value="SonomaAzure" source="SonomaAzureSQLServer2"/>
        <contextParameter name="SonomaAzureSQLServer2_Port" prompt="SonomaAzureSQLServer2_Port?" promptNeeded="false" type="id_String" value="1433" source="SonomaAzureSQLServer2"/>
        <contextParameter name="src_FoodFacility_Inspection1_Header" prompt="src_FoodFacility_Inspection1_Header?" promptNeeded="false" type="id_Integer" value="1" source="src_FoodFacility_Inspection1"/>
        <contextParameter name="src_FoodFacility_Inspection1_File" prompt="src_FoodFacility_Inspection1_File?" promptNeeded="false" type="id_File" value="/Users/asawari/Desktop/Fall 2023/DADABI/source/Food_Facility_Inspections.csv" source="src_FoodFacility_Inspection1"/>
        <contextParameter name="src_FoodFacility_Inspection1_FieldSeparator" prompt="src_FoodFacility_Inspection1_FieldSeparator?" promptNeeded="false" type="id_String" value="&quot;,&quot;" source="src_FoodFacility_Inspection1"/>
        <contextParameter name="src_FoodFacility_Inspection1_Encoding" prompt="src_FoodFacility_Inspection1_Encoding?" promptNeeded="false" type="id_String" value="UTF-8" source="src_FoodFacility_Inspection1"/>
        <contextParameter name="src_FoodFacility_Inspection1_RowSeparator" prompt="src_FoodFacility_Inspection1_RowSeparator?" promptNeeded="false" type="id_String" value="&quot;\n&quot;" source="src_FoodFacility_Inspection1"/>
      </context>
    </contextList>
    <jobSetting>
      <extra>
        <jobParameter name="COMP_DEFAULT_FILE_DIR" value=""/>
        <jobParameter name="Multi thread execution" value="false"/>
        <jobParameter name="Implicit tContextLoad" value="false"/>
      </extra>
      <Statslogs>
        <jobParameter name="Use statistics (tStatCatcher)" value="false"/>
        <jobParameter name="Use logs (tLogCatcher)" value="false"/>
        <jobParameter name="Use volumetrics (tFlowMeterCatcher)" value="false"/>
        <jobParameter name="On Console" value="false"/>
        <jobParameter name="On Files" value="false"/>
        <jobParameter name="On Databases" value="false"/>
        <jobParameter name="Catch components statistics" value="false"/>
        <jobParameter name="Catch runtime errors" value="true"/>
        <jobParameter name="Catch user errors" value="true"/>
        <jobParameter name="Catch user warnings" value="true"/>
      </Statslogs>
    </jobSetting>
    <componentList>
      <componentItem name="tDBOutput_1" link="tDBOutput_1" type="tMysqlOutput" leftTopX="704" leftTopY="96" rightBottomX="736" rightBottomY="128"/>
      <componentItem name="tDBOutput_2" link="tDBOutput_2" type="tMSSqlOutput" leftTopX="704" leftTopY="256" rightBottomX="736" rightBottomY="288"/>
      <componentItem name="tFileInputDelimited_1" link="tFileInputDelimited_1" type="tFileInputDelimited" leftTopX="320" leftTopY="128" rightBottomX="352" rightBottomY="160"/>
      <componentItem name="tFileInputDelimited_2" link="tFileInputDelimited_2" type="tFileInputDelimited" leftTopX="288" leftTopY="288" rightBottomX="320" rightBottomY="320"/>
      <componentItem name="tFileList_1" link="tFileList_1" type="tFileList" leftTopX="96" leftTopY="128" rightBottomX="128" rightBottomY="160"/>
      <componentItem name="tFileList_2" link="tFileList_2" type="tFileList" leftTopX="96" leftTopY="288" rightBottomX="128" rightBottomY="320"/>
      <componentItem name="tMap_1" link="tMap_1" type="tMap" leftTopX="480" leftTopY="96" rightBottomX="512" rightBottomY="128"/>
      <componentItem name="tMap_2" link="tMap_2" type="tMap" leftTopX="480" leftTopY="256" rightBottomX="512" rightBottomY="288"/>
    </componentList>
    <internalNodeComponents>
      <component icon="pictures/tDBOutput_1.png" uniqueName="tDBOutput_1" label="tgt_stg_food_inspections(MySQL)">
        <input link="tMap_1">tMap_1</input>
        <output>none</output>
        <componentType>tMysqlOutput</componentType>
        <parameters>
          <column name="Database" value="tMysqlOutput"/>
          <column name="Unique Name" value="tDBOutput_1"/>
          <column name="Component Name" value="tMysqlOutput"/>
          <column name="Version" value="0.102 (ALPHA)"/>
          <column name="Family" value="Databases/DB Specifics/MySQL"/>
          <column name="Startable" value="false"/>
          <column name="SUBTREE_START" value="false"/>
          <column name="END_OF_FLOW" value="true"/>
          <column name="Activate" value="true"/>
          <column name="DUMMY" value="false"/>
          <column name="tStatCatcher Statistics" value="false"/>
          <column name="Help" value="org.talend.help.tMysqlOutput"/>
          <column name="Update components" value="true"/>
          <column name="IREPORT_PATH" value=""/>
          <column name="JAVA_LIBRARY_PATH" value="/Applications/TalendStudio-8.0.1/studio/configuration/lib/java"/>
          <column name="Subjob color" value=""/>
          <column name="Title color" value=""/>
          <column name="Enable parallel execution" value="false"/>
          <column name="Number of parallel executions" value="2"/>
          <column name="PARALLELIZE_KEEP_EMPTY" value="false"/>
          <column name="Property Type" value="repository: DB (MYSQL):Localhost_Sonoma"/>
          <column name="DB Version" value="MYSQL_8"/>
          <column name="Use an existing connection" value="false"/>
          <column name="Component List" value=""/>
          <column name="Database Driver" value="MYSQL"/>
          <column name="Host" value="context.Localhost_Sonoma_Server"/>
          <column name="Port" value="context.Localhost_Sonoma_Port"/>
          <column name="Database" value="context.Localhost_Sonoma_Database"/>
          <column name="Username" value="context.Localhost_Sonoma_Login"/>
          <column name="Password" value="context.Localhost_Sonoma_Password"/>
          <column name="Table" value="&quot;stg_food_inspections&quot;"/>
          <column name="Action on table" value="DROP_IF_EXISTS_AND_CREATE"/>
          <column name="Action on data" value="INSERT"/>
          <column name="REPOSITORY_ALLOW_AUTO_SWITCH" value="true"/>
          <column name="Schema" value="Built-In"/>
          <column name="Reject Schema" value="Built-In"/>
          <column name="Specify a data source alias" value="false"/>
          <column name="Data source alias" value="&quot;&quot;"/>
          <column name="Die on error" value="false"/>
          <column name="Mapping" value="mysql_id"/>
          <column name="Additional JDBC Parameters" value="context.Localhost_Sonoma_AdditionalParams"/>
          <column name="Extend Insert" value="true"/>
          <column name="Number of rows per insert" value="100"/>
          <column name="Use Batch Size" value="true"/>
          <column name="Batch Size" value="10000"/>
          <column name="Encoding" value="&quot;ISO-8859-15&quot;"/>
          <column name="Commit every" value="10000"/>
          <column name="Additional columns" value="[]"/>
          <column name="Use field options" value="false"/>
          <column name="Field options" value="[{SCHEMA_COLUMN=BusinessId, UPDATE_KEY=false, DELETE_KEY=false, UPDATABLE=true, INSERTABLE=true}, {SCHEMA_COLUMN=Name, UPDATE_KEY=false, DELETE_KEY=false, UPDATABLE=true, INSERTABLE=true}, {SCHEMA_COLUMN=Address, UPDATE_KEY=false, DELETE_KEY=false, UPDATABLE=true, INSERTABLE=true}, {SCHEMA_COLUMN=City, UPDATE_KEY=false, DELETE_KEY=false, UPDATABLE=true, INSERTABLE=true}, {SCHEMA_COLUMN=State, UPDATE_KEY=false, DELETE_KEY=false, UPDATABLE=true, INSERTABLE=true}, {SCHEMA_COLUMN=ZipCode, UPDATE_KEY=false, DELETE_KEY=false, UPDATABLE=true, INSERTABLE=true}, {SCHEMA_COLUMN=PhoneNumber, UPDATE_KEY=false, DELETE_KEY=false, UPDATABLE=true, INSERTABLE=true}, {SCHEMA_COLUMN=InspectionId, UPDATE_KEY=false, DELETE_KEY=false, UPDATABLE=true, INSERTABLE=true}, {SCHEMA_COLUMN=Date, UPDATE_KEY=false, DELETE_KEY=false, UPDATABLE=true, INSERTABLE=true}, {SCHEMA_COLUMN=InspectionType, UPDATE_KEY=false, DELETE_KEY=false, UPDATABLE=true, INSERTABLE=true}, {SCHEMA_COLUMN=ViolationCodes, UPDATE_KEY=false, DELETE_KEY=false, UPDATABLE=true, INSERTABLE=true}, {SCHEMA_COLUMN=ViolationDescriptions, UPDATE_KEY=false, DELETE_KEY=false, UPDATABLE=true, INSERTABLE=true}, {SCHEMA_COLUMN=Latitude, UPDATE_KEY=false, DELETE_KEY=false, UPDATABLE=true, INSERTABLE=true}, {SCHEMA_COLUMN=Longitude, UPDATE_KEY=false, DELETE_KEY=false, UPDATABLE=true, INSERTABLE=true}, {SCHEMA_COLUMN=DI_CreatedDate, UPDATE_KEY=false, DELETE_KEY=false, UPDATABLE=true, INSERTABLE=true}, {SCHEMA_COLUMN=DI_WorkflowFileName, UPDATE_KEY=false, DELETE_KEY=false, UPDATABLE=true, INSERTABLE=true}, {SCHEMA_COLUMN=DI_Workflow_ProcessID, UPDATE_KEY=false, DELETE_KEY=false, UPDATABLE=true, INSERTABLE=true}]"/>
          <column name="Use Hint Options" value="false"/>
          <column name="Hint Options" value="[]"/>
          <column name="Debug query mode" value="false"/>
          <column name="Use duplicate key update mode insert" value="false"/>
          <column name="DUPLICATED_KEYS" value="[]"/>
          <column name="Support null in &quot;SQL WHERE&quot; statement" value="false"/>
          <column name="Label format" value="tgt_stg_food_inspections(MySQL)"/>
          <column name="Hint format" value="&lt;b&gt;__UNIQUE_NAME__&lt;/b&gt;&lt;br&gt;__COMMENT__"/>
          <column name="Connection format" value="row"/>
          <column name="Show Information" value="false"/>
          <column name="Comment" value="Load data into target table stg_food_inspections in MYSQL"/>
          <column name="Use an existing validation rule" value="false"/>
          <column name="Validation Rule Type" value=""/>
        </parameters>
        <schemas>
          <schema name="metadata">
            <column name="BusinessId" key="false" type="String" length="9" precision="" nullable="true" comment=""/>
            <column name="Name" key="false" type="String" length="70" precision="" nullable="true" comment=""/>
            <column name="Address" key="false" type="String" length="32" precision="" nullable="true" comment=""/>
            <column name="City" key="false" type="String" length="17" precision="" nullable="true" comment=""/>
            <column name="State" key="false" type="String" length="2" precision="" nullable="true" comment=""/>
            <column name="ZipCode" key="false" type="String" length="10" precision="" nullable="true" comment=""/>
            <column name="PhoneNumber" key="false" type="String" length="12" precision="" nullable="true" comment=""/>
            <column name="InspectionId" key="false" type="String" length="9" precision="" nullable="true" comment=""/>
            <column name="Date" key="false" type="java.util.Date" length="10" precision="" nullable="true" comment=""/>
            <column name="InspectionType" key="false" type="String" length="9" precision="" nullable="true" comment=""/>
            <column name="ViolationCodes" key="false" type="String" length="109" precision="" nullable="true" comment=""/>
            <column name="ViolationDescriptions" key="false" type="String" length="2000" precision="" nullable="true" comment=""/>
            <column name="Latitude" key="false" type="Double" length="20" precision="3" nullable="true" comment=""/>
            <column name="Longitude" key="false" type="Double" length="20" precision="3" nullable="true" comment=""/>
            <column name="DI_CreatedDate" key="false" type="java.util.Date" length="" precision="" nullable="true" comment=""/>
            <column name="DI_WorkflowFileName" key="false" type="String" length="1000" precision="" nullable="true" comment=""/>
            <column name="DI_Workflow_ProcessID" key="false" type="String" length="20" precision="" nullable="true" comment=""/>
          </schema>
        </schemas>
      </component>
      <component icon="pictures/tDBOutput_2.png" uniqueName="tDBOutput_2" label="tgt_stg_azure_food_inspections">
        <input link="tMap_2">tMap_2</input>
        <output>none</output>
        <componentType>tMSSqlOutput</componentType>
        <parameters>
          <column name="Database" value="tMSSqlOutput"/>
          <column name="Unique Name" value="tDBOutput_2"/>
          <column name="Component Name" value="tMSSqlOutput"/>
          <column name="Version" value="0.102 (ALPHA)"/>
          <column name="Family" value="Databases/DB Specifics/MS_SQL_Server"/>
          <column name="Startable" value="false"/>
          <column name="SUBTREE_START" value="false"/>
          <column name="END_OF_FLOW" value="true"/>
          <column name="Activate" value="true"/>
          <column name="DUMMY" value="false"/>
          <column name="tStatCatcher Statistics" value="false"/>
          <column name="Help" value="org.talend.help.tMSSqlOutput"/>
          <column name="Update components" value="true"/>
          <column name="IREPORT_PATH" value=""/>
          <column name="JAVA_LIBRARY_PATH" value="/Applications/TalendStudio-8.0.1/studio/configuration/lib/java"/>
          <column name="Subjob color" value=""/>
          <column name="Title color" value=""/>
          <column name="Enable parallel execution" value="false"/>
          <column name="Number of parallel executions" value="2"/>
          <column name="PARALLELIZE_KEEP_EMPTY" value="false"/>
          <column name="Property Type" value="repository: DB (MSSQL):SonomaAzureSQLServer"/>
          <column name="Use an existing connection" value="false"/>
          <column name="Component List" value=""/>
          <column name="JDBC Provider" value="MSSQL_PROP"/>
          <column name="Host" value="context.SonomaAzureSQLServer2_Server"/>
          <column name="Port" value="context.SonomaAzureSQLServer2_Port"/>
          <column name="Schema" value="context.SonomaAzureSQLServer2_Schema"/>
          <column name="Database" value="context.SonomaAzureSQLServer2_Database"/>
          <column name="Database Driver" value="MSSQL"/>
          <column name="Username" value="context.SonomaAzureSQLServer2_Login"/>
          <column name="Password" value="context.SonomaAzureSQLServer2_Password"/>
          <column name="Table" value="&quot;stg_azure_food_inspections&quot;"/>
          <column name="Action on table" value="TRUNCATE"/>
          <column name="Turn on identity insert" value="false"/>
          <column name="Action on data" value="INSERT"/>
          <column name="Specify identity field" value="false"/>
          <column name="Identity field" value="Name"/>
          <column name="Start value" value="1"/>
          <column name="Step" value="1"/>
          <column name="REPOSITORY_ALLOW_AUTO_SWITCH" value="true"/>
          <column name="Schema" value="Built-In"/>
          <column name="Reject Schema" value="Built-In"/>
          <column name="Specify a data source alias" value="false"/>
          <column name="Data source alias" value="&quot;&quot;"/>
          <column name="Die on error" value="false"/>
          <column name="Mapping" value="id_MSSQL"/>
          <column name="Additional JDBC Parameters" value="context.SonomaAzureSQLServer2_AdditionalParams"/>
          <column name="Authenticate using Azure Active Directory" value="false"/>
          <column name="Use alternate schema" value="false"/>
          <column name="Schema" value="&quot;&quot;"/>
          <column name="Encoding" value="&quot;ISO-8859-15&quot;"/>
          <column name="Commit every" value="10000"/>
          <column name="Additional columns" value="[]"/>
          <column name="Use field options" value="false"/>
          <column name="Field options" value="[{SCHEMA_COLUMN=BusinessId, UPDATE_KEY=false, DELETE_KEY=false, UPDATABLE=true, INSERTABLE=true}, {SCHEMA_COLUMN=Name, UPDATE_KEY=false, DELETE_KEY=false, UPDATABLE=true, INSERTABLE=true}, {SCHEMA_COLUMN=Address, UPDATE_KEY=false, DELETE_KEY=false, UPDATABLE=true, INSERTABLE=true}, {SCHEMA_COLUMN=City, UPDATE_KEY=false, DELETE_KEY=false, UPDATABLE=true, INSERTABLE=true}, {SCHEMA_COLUMN=State, UPDATE_KEY=false, DELETE_KEY=false, UPDATABLE=true, INSERTABLE=true}, {SCHEMA_COLUMN=ZipCode, UPDATE_KEY=false, DELETE_KEY=false, UPDATABLE=true, INSERTABLE=true}, {SCHEMA_COLUMN=PhoneNumber, UPDATE_KEY=false, DELETE_KEY=false, UPDATABLE=true, INSERTABLE=true}, {SCHEMA_COLUMN=InspectionId, UPDATE_KEY=false, DELETE_KEY=false, UPDATABLE=true, INSERTABLE=true}, {SCHEMA_COLUMN=Date, UPDATE_KEY=false, DELETE_KEY=false, UPDATABLE=true, INSERTABLE=true}, {SCHEMA_COLUMN=InspectionType, UPDATE_KEY=false, DELETE_KEY=false, UPDATABLE=true, INSERTABLE=true}, {SCHEMA_COLUMN=ViolationCodes, UPDATE_KEY=false, DELETE_KEY=false, UPDATABLE=true, INSERTABLE=true}, {SCHEMA_COLUMN=ViolationDescriptions, UPDATE_KEY=false, DELETE_KEY=false, UPDATABLE=true, INSERTABLE=true}, {SCHEMA_COLUMN=Latitude, UPDATE_KEY=false, DELETE_KEY=false, UPDATABLE=true, INSERTABLE=true}, {SCHEMA_COLUMN=Longitude, UPDATE_KEY=false, DELETE_KEY=false, UPDATABLE=true, INSERTABLE=true}, {SCHEMA_COLUMN=DI_CreatedDate, UPDATE_KEY=false, DELETE_KEY=false, UPDATABLE=true, INSERTABLE=true}, {SCHEMA_COLUMN=DI_WorkflowFileName, UPDATE_KEY=false, DELETE_KEY=false, UPDATABLE=true, INSERTABLE=true}, {SCHEMA_COLUMN=DI_Workflow_ProcessID, UPDATE_KEY=false, DELETE_KEY=false, UPDATABLE=true, INSERTABLE=true}]"/>
          <column name="Ignore date out of range" value="false"/>
          <column name="Debug query mode" value="false"/>
          <column name="Support null in &quot;SQL WHERE&quot; statement" value="false"/>
          <column name="Use Batch Size" value="true"/>
          <column name="Batch Size" value="10000"/>
          <column name="Set Query Timeout" value="false"/>
          <column name="Timeout (seconds)" value="30"/>
          <column name="Label format" value="tgt_stg_azure_food_inspections"/>
          <column name="Hint format" value="&lt;b&gt;__UNIQUE_NAME__&lt;/b&gt;&lt;br&gt;__COMMENT__"/>
          <column name="Connection format" value="row"/>
          <column name="Show Information" value="false"/>
          <column name="Comment" value="Load data into target table stg_azure_food_inspections in Azure Database"/>
          <column name="Use an existing validation rule" value="false"/>
          <column name="Validation Rule Type" value=""/>
        </parameters>
        <schemas>
          <schema name="tDBOutput_2">
            <column name="BusinessId" key="false" type="String" length="9" precision="" nullable="true" comment=""/>
            <column name="Name" key="false" type="String" length="70" precision="" nullable="true" comment=""/>
            <column name="Address" key="false" type="String" length="32" precision="" nullable="true" comment=""/>
            <column name="City" key="false" type="String" length="17" precision="" nullable="true" comment=""/>
            <column name="State" key="false" type="String" length="2" precision="" nullable="true" comment=""/>
            <column name="ZipCode" key="false" type="String" length="10" precision="" nullable="true" comment=""/>
            <column name="PhoneNumber" key="false" type="String" length="12" precision="" nullable="true" comment=""/>
            <column name="InspectionId" key="false" type="String" length="9" precision="" nullable="true" comment=""/>
            <column name="Date" key="false" type="java.util.Date" length="10" precision="" nullable="true" comment=""/>
            <column name="InspectionType" key="false" type="String" length="9" precision="" nullable="true" comment=""/>
            <column name="ViolationCodes" key="false" type="String" length="109" precision="" nullable="true" comment=""/>
            <column name="ViolationDescriptions" key="false" type="String" length="4000" precision="" nullable="true" comment=""/>
            <column name="Latitude" key="false" type="Double" length="20" precision="3" nullable="true" comment=""/>
            <column name="Longitude" key="false" type="Double" length="20" precision="3" nullable="true" comment=""/>
            <column name="DI_CreatedDate" key="false" type="java.util.Date" length="" precision="" nullable="true" comment=""/>
            <column name="DI_WorkflowFileName" key="false" type="String" length="" precision="" nullable="true" comment=""/>
            <column name="DI_Workflow_ProcessID" key="false" type="String" length="" precision="" nullable="true" comment=""/>
          </schema>
        </schemas>
      </component>
      <component icon="pictures/tFileInputDelimited_1.png" uniqueName="tFileInputDelimited_1" label="src_FoodFacility_Inspection">
        <input link="tFileList_1">tFileList_1</input>
        <output link="tMap_1">tMap_1</output>
        <componentType>tFileInputDelimited</componentType>
        <parameters>
          <column name="Unique Name" value="tFileInputDelimited_1"/>
          <column name="Component Name" value="tFileInputDelimited"/>
          <column name="Version" value="0.102 (ALPHA)"/>
          <column name="Family" value="File/Input"/>
          <column name="Start" value="false"/>
          <column name="Startable" value="true"/>
          <column name="SUBTREE_START" value="false"/>
          <column name="END_OF_FLOW" value="false"/>
          <column name="Activate" value="true"/>
          <column name="DUMMY" value="false"/>
          <column name="tStatCatcher Statistics" value="false"/>
          <column name="Help" value="org.talend.help.tFileInputDelimited"/>
          <column name="Update components" value="true"/>
          <column name="IREPORT_PATH" value=""/>
          <column name="JAVA_LIBRARY_PATH" value="/Applications/TalendStudio-8.0.1/studio/configuration/lib/java"/>
          <column name="Subjob color" value=""/>
          <column name="Title color" value=""/>
          <column name="Enable parallel execution" value="false"/>
          <column name="Number of parallel executions" value="2"/>
          <column name="PARALLELIZE_KEEP_EMPTY" value="false"/>
          <column name="Property Type" value="repository: DELIM:src_FoodFacility_Inspection"/>
          <column name="REPOSITORY_ALLOW_AUTO_SWITCH" value="true"/>
          <column name="Schema" value="Built-In"/>
          <column name="Use existing dynamic" value="false"/>
          <column name="Component List" value=""/>
          <column name="File name/Stream" value="context.src_FoodFacility_Inspection1_File"/>
          <column name="CSV options" value="true"/>
          <column name="Row Separator" value="context.src_FoodFacility_Inspection1_RowSeparator"/>
          <column name="CSV Row Separator" value="context.src_FoodFacility_Inspection1_RowSeparator"/>
          <column name="Field Separator" value="context.src_FoodFacility_Inspection1_FieldSeparator"/>
          <column name="Escape char" value="&quot;&quot;&quot;"/>
          <column name="Text enclosure" value="&quot;\&quot;&quot;"/>
          <column name="Header" value="context.src_FoodFacility_Inspection1_Header"/>
          <column name="Footer" value="0"/>
          <column name="Limit" value=""/>
          <column name="Skip empty rows" value="false"/>
          <column name="Uncompress as zip file" value="false"/>
          <column name="Die on error" value="false"/>
          <column name="Schema" value="Built-In"/>
          <column name="Temporary directory" value="&quot;/Users/asawari/Desktop/Fall 2023/DADABI/Talend&quot;"/>
          <column name="Advanced separator (for numbers)" value="false"/>
          <column name="Thousands separator" value="&quot;,&quot;"/>
          <column name="Decimal separator" value="&quot;.&quot;"/>
          <column name="Extract lines at random" value="false"/>
          <column name="Number of lines" value="10"/>
          <column name="Trim all columns" value="false"/>
          <column name="Check column to trim" value="[{SCHEMA_COLUMN=BusinessId, TRIM=false}, {SCHEMA_COLUMN=Name, TRIM=false}, {SCHEMA_COLUMN=Address, TRIM=false}, {SCHEMA_COLUMN=City, TRIM=false}, {SCHEMA_COLUMN=State, TRIM=false}, {SCHEMA_COLUMN=ZipCode, TRIM=false}, {SCHEMA_COLUMN=PhoneNumber, TRIM=false}, {SCHEMA_COLUMN=InspectionId, TRIM=false}, {SCHEMA_COLUMN=Date, TRIM=false}, {SCHEMA_COLUMN=InspectionType, TRIM=false}, {SCHEMA_COLUMN=ViolationCodes, TRIM=false}, {SCHEMA_COLUMN=ViolationDescriptions, TRIM=false}, {SCHEMA_COLUMN=Location, TRIM=false}]"/>
          <column name="Check each row structure against schema" value="false"/>
          <column name="Check date" value="false"/>
          <column name="Encoding" value="context.src_FoodFacility_Inspection1_Encoding"/>
          <column name="Split row before field" value="false"/>
          <column name="Permit hexadecimal (0xNNN) or octal (0NNNN) for numeric types (clear the check box to read Byte type as octal and hexadecimal numbers by default)" value="false"/>
          <column name="Decode table" value="[{SCHEMA_COLUMN=BusinessId, DECODE=false}, {SCHEMA_COLUMN=Name, DECODE=false}, {SCHEMA_COLUMN=Address, DECODE=false}, {SCHEMA_COLUMN=City, DECODE=false}, {SCHEMA_COLUMN=State, DECODE=false}, {SCHEMA_COLUMN=ZipCode, DECODE=false}, {SCHEMA_COLUMN=PhoneNumber, DECODE=false}, {SCHEMA_COLUMN=InspectionId, DECODE=false}, {SCHEMA_COLUMN=Date, DECODE=false}, {SCHEMA_COLUMN=InspectionType, DECODE=false}, {SCHEMA_COLUMN=ViolationCodes, DECODE=false}, {SCHEMA_COLUMN=ViolationDescriptions, DECODE=false}, {SCHEMA_COLUMN=Location, DECODE=false}]"/>
          <column name="Destination" value=""/>
          <column name="Use Header As Is" value="false"/>
          <column name="Min column number of optimize code" value="100"/>
          <column name="Label format" value="src_FoodFacility_Inspection"/>
          <column name="Hint format" value="&lt;b&gt;__UNIQUE_NAME__&lt;/b&gt;&lt;br&gt;__COMMENT__"/>
          <column name="Connection format" value="row"/>
          <column name="Show Information" value="false"/>
          <column name="Comment" value=""/>
          <column name="Use an existing validation rule" value="false"/>
          <column name="Validation Rule Type" value=""/>
        </parameters>
        <schemas>
          <schema name="metadata">
            <column name="BusinessId" key="false" type="String" length="9" precision="" nullable="true" comment=""/>
            <column name="Name" key="false" type="String" length="70" precision="" nullable="true" comment=""/>
            <column name="Address" key="false" type="String" length="32" precision="" nullable="true" comment=""/>
            <column name="City" key="false" type="String" length="17" precision="" nullable="true" comment=""/>
            <column name="State" key="false" type="String" length="2" precision="" nullable="true" comment=""/>
            <column name="ZipCode" key="false" type="String" length="10" precision="" nullable="true" comment=""/>
            <column name="PhoneNumber" key="false" type="String" length="12" precision="" nullable="true" comment=""/>
            <column name="InspectionId" key="false" type="String" length="9" precision="" nullable="true" comment=""/>
            <column name="Date" key="false" type="String" length="10" precision="" nullable="true" comment=""/>
            <column name="InspectionType" key="false" type="String" length="9" precision="" nullable="true" comment=""/>
            <column name="ViolationCodes" key="false" type="String" length="109" precision="" nullable="true" comment=""/>
            <column name="ViolationDescriptions" key="false" type="String" length="2000" precision="" nullable="true" comment=""/>
            <column name="Location" key="false" type="String" length="86" precision="" nullable="true" comment=""/>
          </schema>
        </schemas>
      </component>
      <component icon="pictures/tFileInputDelimited_2.png" uniqueName="tFileInputDelimited_2" label="src_FoodFacility_Inspection">
        <input link="tFileList_2">tFileList_2</input>
        <output link="tMap_2">tMap_2</output>
        <componentType>tFileInputDelimited</componentType>
        <parameters>
          <column name="Unique Name" value="tFileInputDelimited_2"/>
          <column name="Component Name" value="tFileInputDelimited"/>
          <column name="Version" value="0.102 (ALPHA)"/>
          <column name="Family" value="File/Input"/>
          <column name="Start" value="false"/>
          <column name="Startable" value="true"/>
          <column name="SUBTREE_START" value="false"/>
          <column name="END_OF_FLOW" value="false"/>
          <column name="Activate" value="true"/>
          <column name="DUMMY" value="false"/>
          <column name="tStatCatcher Statistics" value="false"/>
          <column name="Help" value="org.talend.help.tFileInputDelimited"/>
          <column name="Update components" value="true"/>
          <column name="IREPORT_PATH" value=""/>
          <column name="JAVA_LIBRARY_PATH" value="/Applications/TalendStudio-8.0.1/studio/configuration/lib/java"/>
          <column name="Subjob color" value=""/>
          <column name="Title color" value=""/>
          <column name="Enable parallel execution" value="false"/>
          <column name="Number of parallel executions" value="2"/>
          <column name="PARALLELIZE_KEEP_EMPTY" value="false"/>
          <column name="Property Type" value="repository: DELIM:src_FoodFacility_Inspection"/>
          <column name="REPOSITORY_ALLOW_AUTO_SWITCH" value="true"/>
          <column name="Schema" value="Built-In"/>
          <column name="Use existing dynamic" value="false"/>
          <column name="Component List" value=""/>
          <column name="File name/Stream" value="context.src_FoodFacility_Inspection1_File"/>
          <column name="CSV options" value="true"/>
          <column name="Row Separator" value="context.src_FoodFacility_Inspection1_RowSeparator"/>
          <column name="CSV Row Separator" value="context.src_FoodFacility_Inspection1_RowSeparator"/>
          <column name="Field Separator" value="context.src_FoodFacility_Inspection1_FieldSeparator"/>
          <column name="Escape char" value="&quot;&quot;&quot;"/>
          <column name="Text enclosure" value="&quot;\&quot;&quot;"/>
          <column name="Header" value="context.src_FoodFacility_Inspection1_Header"/>
          <column name="Footer" value="0"/>
          <column name="Limit" value=""/>
          <column name="Skip empty rows" value="false"/>
          <column name="Uncompress as zip file" value="false"/>
          <column name="Die on error" value="false"/>
          <column name="Schema" value="Built-In"/>
          <column name="Temporary directory" value="&quot;/Users/asawari/Desktop/Fall 2023/DADABI/Talend&quot;"/>
          <column name="Advanced separator (for numbers)" value="false"/>
          <column name="Thousands separator" value="&quot;,&quot;"/>
          <column name="Decimal separator" value="&quot;.&quot;"/>
          <column name="Extract lines at random" value="false"/>
          <column name="Number of lines" value="10"/>
          <column name="Trim all columns" value="false"/>
          <column name="Check column to trim" value="[{SCHEMA_COLUMN=BusinessId, TRIM=false}, {SCHEMA_COLUMN=Name, TRIM=false}, {SCHEMA_COLUMN=Address, TRIM=false}, {SCHEMA_COLUMN=City, TRIM=false}, {SCHEMA_COLUMN=State, TRIM=false}, {SCHEMA_COLUMN=ZipCode, TRIM=false}, {SCHEMA_COLUMN=PhoneNumber, TRIM=false}, {SCHEMA_COLUMN=InspectionId, TRIM=false}, {SCHEMA_COLUMN=Date, TRIM=false}, {SCHEMA_COLUMN=InspectionType, TRIM=false}, {SCHEMA_COLUMN=ViolationCodes, TRIM=false}, {SCHEMA_COLUMN=ViolationDescriptions, TRIM=false}, {SCHEMA_COLUMN=Location, TRIM=false}]"/>
          <column name="Check each row structure against schema" value="false"/>
          <column name="Check date" value="false"/>
          <column name="Encoding" value="context.src_FoodFacility_Inspection1_Encoding"/>
          <column name="Split row before field" value="false"/>
          <column name="Permit hexadecimal (0xNNN) or octal (0NNNN) for numeric types (clear the check box to read Byte type as octal and hexadecimal numbers by default)" value="false"/>
          <column name="Decode table" value="[{SCHEMA_COLUMN=BusinessId, DECODE=false}, {SCHEMA_COLUMN=Name, DECODE=false}, {SCHEMA_COLUMN=Address, DECODE=false}, {SCHEMA_COLUMN=City, DECODE=false}, {SCHEMA_COLUMN=State, DECODE=false}, {SCHEMA_COLUMN=ZipCode, DECODE=false}, {SCHEMA_COLUMN=PhoneNumber, DECODE=false}, {SCHEMA_COLUMN=InspectionId, DECODE=false}, {SCHEMA_COLUMN=Date, DECODE=false}, {SCHEMA_COLUMN=InspectionType, DECODE=false}, {SCHEMA_COLUMN=ViolationCodes, DECODE=false}, {SCHEMA_COLUMN=ViolationDescriptions, DECODE=false}, {SCHEMA_COLUMN=Location, DECODE=false}]"/>
          <column name="Destination" value=""/>
          <column name="Use Header As Is" value="false"/>
          <column name="Min column number of optimize code" value="100"/>
          <column name="Label format" value="src_FoodFacility_Inspection"/>
          <column name="Hint format" value="&lt;b&gt;__UNIQUE_NAME__&lt;/b&gt;&lt;br&gt;__COMMENT__"/>
          <column name="Connection format" value="row"/>
          <column name="Show Information" value="false"/>
          <column name="Comment" value=""/>
          <column name="Use an existing validation rule" value="false"/>
          <column name="Validation Rule Type" value=""/>
        </parameters>
        <schemas>
          <schema name="metadata">
            <column name="BusinessId" key="false" type="String" length="9" precision="" nullable="true" comment=""/>
            <column name="Name" key="false" type="String" length="70" precision="" nullable="true" comment=""/>
            <column name="Address" key="false" type="String" length="32" precision="" nullable="true" comment=""/>
            <column name="City" key="false" type="String" length="17" precision="" nullable="true" comment=""/>
            <column name="State" key="false" type="String" length="2" precision="" nullable="true" comment=""/>
            <column name="ZipCode" key="false" type="String" length="10" precision="" nullable="true" comment=""/>
            <column name="PhoneNumber" key="false" type="String" length="12" precision="" nullable="true" comment=""/>
            <column name="InspectionId" key="false" type="String" length="9" precision="" nullable="true" comment=""/>
            <column name="Date" key="false" type="String" length="10" precision="" nullable="true" comment=""/>
            <column name="InspectionType" key="false" type="String" length="9" precision="" nullable="true" comment=""/>
            <column name="ViolationCodes" key="false" type="String" length="109" precision="" nullable="true" comment=""/>
            <column name="ViolationDescriptions" key="false" type="String" length="4000" precision="" nullable="true" comment=""/>
            <column name="Location" key="false" type="String" length="86" precision="" nullable="true" comment=""/>
          </schema>
        </schemas>
      </component>
      <component icon="pictures/tFileList_1.png" uniqueName="tFileList_1" label="__UNIQUE_NAME__">
        <input>none</input>
        <output link="tFileInputDelimited_1">tFileInputDelimited_1</output>
        <componentType>tFileList</componentType>
        <parameters>
          <column name="Unique Name" value="tFileList_1"/>
          <column name="Component Name" value="tFileList"/>
          <column name="Version" value="0.102 (ALPHA)"/>
          <column name="Family" value="File/Management|Orchestration"/>
          <column name="Start" value="true"/>
          <column name="Startable" value="true"/>
          <column name="SUBTREE_START" value="true"/>
          <column name="END_OF_FLOW" value="true"/>
          <column name="Activate" value="true"/>
          <column name="DUMMY" value="false"/>
          <column name="tStatCatcher Statistics" value="false"/>
          <column name="Help" value="org.talend.help.tFileList"/>
          <column name="Update components" value="true"/>
          <column name="IREPORT_PATH" value=""/>
          <column name="JAVA_LIBRARY_PATH" value="/Applications/TalendStudio-8.0.1/studio/configuration/lib/java"/>
          <column name="Subjob color" value=""/>
          <column name="Title color" value=""/>
          <column name="Enable parallel execution" value="false"/>
          <column name="Number of parallel executions" value="2"/>
          <column name="PARALLELIZE_KEEP_EMPTY" value="false"/>
          <column name="Directory" value="&quot;/Users/asawari/Desktop/Fall 2023/DADABI/Talend/Sonoma&quot;"/>
          <column name="FileList Type" value="FILES"/>
          <column name="Includes subdirectories" value="false"/>
          <column name="Case Sensitive" value="YES"/>
          <column name="Generate Error if no file found" value="false"/>
          <column name="Use Glob Expressions as Filemask (Unchecked means Perl5 Regex Expressions)" value="true"/>
          <column name="Files" value="[]"/>
          <column name="By default" value="true"/>
          <column name="By file name" value="false"/>
          <column name="By file size" value="false"/>
          <column name="By modified date" value="false"/>
          <column name="ASC" value="true"/>
          <column name="DESC" value="false"/>
          <column name="Use Exclude Filemask" value="false"/>
          <column name="Exclude Filemask" value="&quot;*.txt&quot;"/>
          <column name="Format file path to slash(/) style (useful on Windows)" value="false"/>
          <column name="Label format" value="__UNIQUE_NAME__"/>
          <column name="Hint format" value="&lt;b&gt;__UNIQUE_NAME__&lt;/b&gt;&lt;br&gt;__COMMENT__"/>
          <column name="Connection format" value="row"/>
          <column name="Show Information" value="false"/>
          <column name="Comment" value=""/>
          <column name="Use an existing validation rule" value="false"/>
          <column name="Validation Rule Type" value=""/>
        </parameters>
      </component>
      <component icon="pictures/tFileList_2.png" uniqueName="tFileList_2" label="__UNIQUE_NAME__">
        <input>none</input>
        <output link="tFileInputDelimited_2">tFileInputDelimited_2</output>
        <componentType>tFileList</componentType>
        <parameters>
          <column name="Unique Name" value="tFileList_2"/>
          <column name="Component Name" value="tFileList"/>
          <column name="Version" value="0.102 (ALPHA)"/>
          <column name="Family" value="File/Management|Orchestration"/>
          <column name="Start" value="true"/>
          <column name="Startable" value="true"/>
          <column name="SUBTREE_START" value="true"/>
          <column name="END_OF_FLOW" value="true"/>
          <column name="Activate" value="true"/>
          <column name="DUMMY" value="false"/>
          <column name="tStatCatcher Statistics" value="false"/>
          <column name="Help" value="org.talend.help.tFileList"/>
          <column name="Update components" value="true"/>
          <column name="IREPORT_PATH" value=""/>
          <column name="JAVA_LIBRARY_PATH" value="/Applications/TalendStudio-8.0.1/studio/configuration/lib/java"/>
          <column name="Subjob color" value=""/>
          <column name="Title color" value=""/>
          <column name="Enable parallel execution" value="false"/>
          <column name="Number of parallel executions" value="2"/>
          <column name="PARALLELIZE_KEEP_EMPTY" value="false"/>
          <column name="Directory" value="&quot;/Users/asawari/Desktop/Fall 2023/DADABI/Talend/Sonoma&quot;"/>
          <column name="FileList Type" value="FILES"/>
          <column name="Includes subdirectories" value="false"/>
          <column name="Case Sensitive" value="YES"/>
          <column name="Generate Error if no file found" value="false"/>
          <column name="Use Glob Expressions as Filemask (Unchecked means Perl5 Regex Expressions)" value="true"/>
          <column name="Files" value="[]"/>
          <column name="By default" value="true"/>
          <column name="By file name" value="false"/>
          <column name="By file size" value="false"/>
          <column name="By modified date" value="false"/>
          <column name="ASC" value="true"/>
          <column name="DESC" value="false"/>
          <column name="Use Exclude Filemask" value="false"/>
          <column name="Exclude Filemask" value="&quot;*.txt&quot;"/>
          <column name="Format file path to slash(/) style (useful on Windows)" value="false"/>
          <column name="Label format" value="__UNIQUE_NAME__"/>
          <column name="Hint format" value="&lt;b&gt;__UNIQUE_NAME__&lt;/b&gt;&lt;br&gt;__COMMENT__"/>
          <column name="Connection format" value="row"/>
          <column name="Show Information" value="false"/>
          <column name="Comment" value=""/>
          <column name="Use an existing validation rule" value="false"/>
          <column name="Validation Rule Type" value=""/>
        </parameters>
      </component>
    </internalNodeComponents>
    <externalNodeComponents>
      <component icon="pictures/tMap_1.png" uniqueName="tMap_1" label="tMap_transform1" preview="pictures/external_preview_tMap_1.png">
        <input link="tFileInputDelimited_1">tFileInputDelimited_1</input>
        <output link="tDBOutput_1">tDBOutput_1</output>
        <componentType>tMap</componentType>
        <!--tMap_1-->
      </component>
      <component icon="pictures/tMap_2.png" uniqueName="tMap_2" label="__UNIQUE_NAME__">
        <input link="tFileInputDelimited_2">tFileInputDelimited_2</input>
        <output link="tDBOutput_2">tDBOutput_2</output>
        <componentType>tMap</componentType>
        <!--tMap_2-->
      </component>
    </externalNodeComponents>
    <connections>
      <connection label="Iterate" lineStyle="7" metaname="tFileList_1" offsetLabelX="0" offsetLabelY="0" source="tFileList_1" target="tFileInputDelimited_1"/>
      <connection label="row1" lineStyle="0" metaname="tFileInputDelimited_1" offsetLabelX="0" offsetLabelY="0" source="tFileInputDelimited_1" target="tMap_1"/>
      <connection label="load_mysqltarget" lineStyle="0" metaname="load_mysqltarget" offsetLabelX="0" offsetLabelY="0" source="tMap_1" target="tDBOutput_1"/>
      <connection label="Iterate" lineStyle="7" metaname="tFileList_2" offsetLabelX="0" offsetLabelY="0" source="tFileList_2" target="tFileInputDelimited_2"/>
      <connection label="transform_data2" lineStyle="0" metaname="tFileInputDelimited_2" offsetLabelX="0" offsetLabelY="0" source="tFileInputDelimited_2" target="tMap_2"/>
      <connection label="load_azuretarget" lineStyle="0" metaname="load_azuretarget" offsetLabelX="0" offsetLabelY="0" source="tMap_2" target="tDBOutput_2"/>
    </connections>
  </job>
</project>
